/* at3dec SPU ELF image (firmware libat3dec), 24704 bytes. */
static const unsigned char at3dec_elf[] = {
  0x7f,0x45,0x4c,0x46,0x01,0x02,0x01,0x00,0x00,0x00,0x00,0x00,0x00,0x00,0x00,0x00,
  0x00,0x02,0x00,0x17,0x00,0x00,0x00,0x01,0x00,0x00,0x30,0x50,0x00,0x00,0x00,0x34,
  0x00,0x00,0x00,0x00,0x00,0x00,0x00,0x00,0x00,0x34,0x00,0x20,0x00,0x03,0x00,0x28,
  0x00,0x00,0x00,0x00,0x00,0x00,0x00,0x01,0x00,0x00,0x01,0x00,0x00,0x00,0x30,0x00,
  0x00,0x00,0x30,0x00,0x00,0x00,0x5e,0xc0,0x00,0x00,0x5e,0xc0,0x00,0x00,0x00,0x05,
  0x00,0x00,0x00,0x80,0x00,0x00,0x00,0x01,0x00,0x00,0x60,0x00,0x00,0x00,0x8f,0x00,
  0x00,0x00,0x8f,0x00,0x00,0x00,0x00,0x80,0x00,0x00,0x50,0xf0,0x00,0x00,0x00,0x06,
  0x00,0x00,0x00,0x80,0x00,0x00,0x00,0x04,0x00,0x00,0x60,0x80,0x00,0x00,0x00,0x00,
  0x00,0x00,0x00,0x00,0x00,0x00,0x00,0x34,0x00,0x00,0x00,0x34,0x00,0x00,0x00,0x04,
  0x00,0x00,0x00,0x10,0x00,0x00,0x00,0x00,0x00,0x00,0x00,0x00,0x00,0x00,0x00,0x00,
  0x00,0x00,0x00,0x00,0x00,0x00,0x00,0x00,0x00,0x00,0x00,0x00,0x00,0x00,0x00,0x00,
  0x00,0x00,0x00,0x00,0x00,0x00,0x00,0x00,0x00,0x00,0x00,0x00,0x00,0x00,0x00,0x00,
  0x00,0x00,0x00,0x00,0x00,0x00,0x00,0x00,0x00,0x00,0x00,0x00,0x00,0x00,0x00,0x00,
  0x00,0x00,0x00,0x00,0x00,0x00,0x00,0x00,0x00,0x00,0x00,0x00,0x00,0x00,0x00,0x00,
  0x00,0x00,0x00,0x00,0x00,0x00,0x00,0x00,0x00,0x00,0x00,0x00,0x00,0x00,0x00,0x00,
  0x00,0x00,0x00,0x00,0x00,0x00,0x00,0x00,0x00,0x00,0x00,0x00,0x00,0x00,0x00,0x00,
  0x42,0x3d,0xf0,0x02,0x42,0xf7,0x2a,0x82,0x43,0xd5,0xdb,0x02,0x43,0x80,0x11,0x82,
  0x24,0x00,0x40,0x80,0x24,0xfe,0xc0,0x81,0x24,0xff,0x40,0xd0,0x24,0xff,0x80,0xd1,
  0x24,0xff,0xc0,0xfe,0x1c,0xec,0x00,0x81,0x34,0x01,0x80,0x80,0x34,0x00,0x80,0xd0,
  0x34,0x00,0xc0,0xd1,0x34,0x01,0x00,0xfe,0x1c,0x14,0x00,0x81,0x35,0x00,0x00,0x00,
  0x04,0x00,0x01,0xd0,0x33,0x08,0xef,0x80,0x04,0x00,0x28,0x03,0x32,0x08,0xdb,0x80,
  0x43,0xff,0xe8,0x08,0x12,0x7f,0xf7,0x99,0x42,0x81,0x01,0x8c,0x3f,0xe0,0x03,0x50,
  0x1c,0x08,0x04,0x12,0x32,0x87,0x80,0x09,0x42,0x6f,0xf8,0x0f,0x3f,0xe0,0x01,0xd3,
  0x04,0x00,0x02,0x52,0x24,0x00,0x04,0x12,0x08,0x02,0x07,0x8a,0x33,0x8b,0xe0,0x8e,
  0x04,0x00,0x02,0xd1,0x32,0x80,0x00,0x10,0x80,0x22,0x84,0x09,0x1c,0x0c,0x00,0x8d,
  0x23,0xf9,0xec,0x10,0x3f,0x81,0x07,0x0b,0x23,0x8b,0xcf,0x0d,0xb0,0xc2,0xc5,0x8c,
  0x1c,0xf4,0x03,0x03,0x58,0x00,0xc5,0x05,0x5c,0x00,0x01,0x84,0x18,0x21,0x02,0x82,
  0x80,0xe0,0xc5,0x02,0x80,0x21,0xc4,0x09,0x33,0x7f,0xeb,0x00,0x04,0x00,0x29,0x04,
  0x04,0x00,0x28,0x85,0x3f,0xe0,0x28,0x06,0x04,0x00,0x29,0x83,0x33,0x05,0xf9,0x80,
  0x33,0x08,0x8e,0x00,0x00,0x00,0x00,0x00,0x40,0x80,0x00,0x02,0x3f,0xe0,0x01,0x84,
  0x21,0xa0,0x0b,0x82,0x01,0xe0,0x0b,0x82,0x7c,0x00,0x41,0x03,0x20,0x7f,0xff,0x03,
  0x40,0x20,0x00,0x7f,0x35,0x80,0x00,0x09,0x0b,0x61,0x01,0x05,0x01,0xa0,0x0c,0x03,
  0x40,0x80,0x01,0x04,0x40,0x20,0x00,0x7f,0x40,0x20,0x00,0x7f,0x21,0xa0,0x0b,0x05,
  0x21,0xa0,0x0b,0x84,0x01,0xa0,0x0c,0x02,0x35,0x00,0x00,0x00,0x00,0x20,0x00,0x00,
  0x04,0x00,0x02,0x06,0x12,0x7f,0xf6,0x8d,0x40,0x80,0x00,0x02,0x21,0xa0,0x08,0x03,
  0x40,0x20,0x00,0x7f,0x3f,0xe1,0x02,0x03,0x40,0x80,0x18,0x04,0x21,0xa0,0x08,0x86,
  0x40,0x20,0x00,0x7f,0x21,0xa0,0x09,0x03,0x40,0x80,0x00,0x03,0x21,0xa0,0x09,0x85,
  0x21,0xa0,0x0a,0x02,0x21,0xa0,0x0a,0x84,0x32,0x7f,0xf0,0x00,0x00,0x20,0x00,0x00,
  0x04,0x00,0x02,0x06,0x12,0x7f,0xee,0x8d,0x40,0x80,0x00,0x02,0x21,0xa0,0x08,0x03,
  0x40,0x20,0x00,0x7f,0x3f,0xe1,0x02,0x03,0x40,0x80,0x20,0x04,0x21,0xa0,0x08,0x86,
  0x40,0x20,0x00,0x7f,0x21,0xa0,0x09,0x03,0x40,0x80,0x00,0x03,0x21,0xa0,0x09,0x85,
  0x21,0xa0,0x0a,0x02,0x21,0xa0,0x0a,0x84,0x32,0x7f,0xe8,0x00,0x00,0x20,0x00,0x00,
  0x04,0x00,0x01,0x85,0x12,0x00,0x20,0xa1,0x40,0x93,0x87,0x84,0x3f,0x82,0x01,0x86,
  0x40,0x80,0x01,0x02,0x3f,0x81,0x01,0x83,0x24,0xff,0x00,0xd3,0x24,0xfe,0xc0,0xd4,
  0x24,0xfe,0x40,0xd6,0x24,0xfe,0x00,0xd7,0x41,0x00,0x00,0x57,0x3f,0xbf,0x03,0x54,
  0x40,0x20,0x00,0x7f,0x3f,0xbf,0x02,0xd6,0x60,0xe6,0x18,0x57,0x3f,0xbf,0x01,0xd3,
  0x40,0x20,0x00,0x7f,0x24,0xfd,0xc0,0xd8,0x42,0x46,0xd8,0x58,0x24,0x00,0x40,0x80,
  0x24,0xff,0xc0,0xd0,0x24,0xff,0x80,0xd1,0x24,0xff,0x40,0xd2,0x24,0xfe,0x80,0xd5,
  0x40,0x20,0x00,0x7f,0x24,0xfd,0x00,0x81,0x1c,0xd0,0x00,0x81,0x23,0x8b,0xaa,0x84,
  0x23,0x8b,0xac,0x02,0x23,0x8b,0xa1,0x84,0x23,0x8b,0xa3,0x04,0x23,0x8b,0xa4,0x84,
  0x35,0x90,0x00,0x00,0x23,0x8b,0xa5,0x84,0x32,0x00,0x10,0x00,0x40,0x80,0x00,0x55,
  0x40,0x80,0x08,0x51,0x00,0x20,0x00,0x00,0x41,0x09,0x1a,0x3e,0x33,0x95,0xb4,0xad,
  0x41,0x4d,0x5e,0x3b,0x3e,0xc0,0x00,0xbf,0x60,0xab,0x3c,0x3e,0x12,0x05,0xcf,0x90,
  0x60,0xef,0x78,0x3b,0x3e,0xc1,0x00,0xbd,0x40,0x80,0x00,0x38,0x3e,0xc2,0x00,0xba,
  0x42,0x6f,0xf0,0x04,0x3e,0xc3,0x00,0xb7,0x04,0x00,0x2a,0x03,0xb7,0x8b,0x5f,0x3f,
  0x40,0x80,0x00,0x05,0x40,0x80,0x00,0x86,0xb7,0x2f,0x1d,0xbd,0xb6,0xce,0x5c,0x3a,
  0xb2,0x2d,0xaa,0xb7,0x23,0x95,0xab,0x91,0x40,0x20,0x00,0x7f,0x33,0x05,0xc7,0x80,
  0x04,0x00,0x2a,0x03,0x32,0x80,0x00,0x04,0x33,0x06,0x58,0x00,0x21,0x00,0x31,0x83,
  0x7c,0x00,0xe8,0xd5,0x21,0x00,0x30,0xd5,0x42,0x6f,0xf0,0x04,0x32,0x80,0x00,0x05,
  0x40,0x80,0x00,0x86,0x3f,0xe0,0x29,0x83,0x40,0x20,0x00,0x7f,0x33,0x06,0xc4,0x80,
  0x04,0x00,0x29,0x83,0x32,0x80,0x00,0x04,0x40,0x80,0x00,0x05,0x33,0x07,0x54,0x80,
  0x40,0x20,0x00,0x7f,0x12,0x7f,0xec,0x8a,0x40,0x20,0x00,0x7f,0x33,0x95,0xa0,0x87,
  0x04,0x00,0x03,0xd1,0x3f,0x82,0x03,0x86,0x21,0x7f,0xe8,0x83,0x20,0x00,0x0b,0x87,
  0x7c,0x00,0x83,0x88,0x32,0x80,0x00,0x55,0x40,0x20,0x00,0x7f,0x20,0x7f,0xe7,0x88,
  0x0f,0x3a,0x03,0x0b,0x12,0x05,0x52,0x8d,0x0f,0x3e,0x03,0x09,0x0f,0x39,0x03,0x03,
  0x42,0x7f,0xff,0x8a,0x14,0x03,0xc5,0x84,0x18,0x22,0x84,0x85,0x00,0x20,0x00,0x00,
  0x14,0x3f,0xc3,0x06,0x23,0x8b,0x83,0x83,0x42,0x48,0x00,0x07,0x23,0x8b,0x86,0x84,
  0x23,0x8b,0x80,0x05,0x23,0x8b,0x87,0x86,0x33,0x05,0x4c,0x00,0x04,0x00,0x01,0xd5,
  0x40,0x20,0x00,0x7f,0x32,0x7f,0xde,0x80,0x42,0x55,0x00,0x50,0x12,0x7f,0xc2,0x8d,
  0x40,0x88,0x00,0x52,0x34,0x00,0x80,0x93,0x42,0x53,0xc0,0x03,0x3e,0xc0,0x00,0x95,
  0x18,0x14,0xa8,0x14,0x33,0x8e,0x69,0x92,0x04,0x00,0x2b,0x04,0x3e,0xc1,0x00,0x91,
  0xb2,0x04,0xca,0x15,0x3f,0x81,0x09,0x05,0xb1,0xe4,0x2b,0x91,0x24,0x00,0x80,0x8f,
  0x33,0x7f,0xbc,0x00,0x42,0x53,0xc0,0x03,0x1c,0x08,0x00,0x84,0x00,0x20,0x00,0x00,
  0x42,0x48,0x00,0x05,0x33,0x01,0x34,0x80,0x40,0x20,0x00,0x7f,0x12,0x00,0x07,0x93,
  0x04,0x00,0x01,0xd5,0x33,0x8b,0x91,0x8e,0x33,0x8e,0x61,0x0d,0x7c,0x00,0x87,0x0c,
  0x40,0x20,0x00,0x7f,0x21,0x00,0x39,0x8c,0x14,0x03,0xe8,0x0c,0x34,0x00,0x80,0x8b,
  0x14,0x03,0xc5,0x83,0x08,0x23,0x01,0xa4,0x40,0x20,0x00,0x7f,0x21,0x00,0x44,0xa4,
  0x04,0x00,0x29,0x04,0x32,0x80,0x00,0x03,0x38,0x82,0xc1,0xa6,0x28,0x94,0x01,0xa6,
  0x1c,0x04,0x01,0x83,0x78,0x01,0x01,0xa5,0x20,0x7f,0xfe,0x25,0x40,0x82,0x00,0x11,
  0x7c,0x00,0xc6,0xd2,0x21,0x00,0x2a,0x52,0x4c,0x00,0xc6,0x83,0x21,0x00,0x06,0x03,
  0x7c,0x00,0x86,0x85,0x21,0x00,0x13,0x05,0x7c,0x00,0x86,0xd0,0x21,0x00,0x26,0x50,
  0x40,0x90,0x00,0x05,0x00,0x20,0x00,0x00,0x42,0x55,0x00,0x03,0x3f,0xe0,0x2b,0x04,
  0x33,0x7f,0xa0,0x00,0x32,0x7f,0xc2,0x80,0x33,0x05,0x8f,0x00,0x7c,0x01,0x06,0x84,
  0x21,0x00,0x58,0x04,0x7c,0x21,0x06,0x82,0x20,0x7f,0xfa,0x02,0x20,0x7f,0xfa,0x91,
  0x40,0x80,0x00,0x09,0x12,0x00,0x02,0x94,0x40,0x80,0x00,0x08,0x41,0x1c,0x00,0x0c,
  0x41,0x5f,0xc0,0x0a,0x41,0x1f,0xc0,0x0b,0x18,0x14,0x04,0x35,0x38,0x94,0x04,0x34,
  0x1c,0x00,0x44,0x89,0x3a,0xd4,0x04,0x2e,0x78,0x02,0x48,0xa9,0x3b,0x8d,0x5a,0x33,
  0x58,0xc3,0x19,0xb1,0x58,0x4c,0x45,0x32,0x85,0xe2,0x98,0xb2,0x58,0x42,0xd7,0xb0,
  0x85,0x82,0xd7,0xb0,0xb5,0x4d,0x16,0x2e,0x40,0x20,0x00,0x7f,0x28,0x94,0x04,0x2a,
  0x1c,0x01,0x04,0x08,0x20,0x7f,0xf8,0xa9,0x32,0x7f,0xef,0x00,0x20,0x00,0x14,0x11,
  0x40,0x80,0x00,0x12,0x12,0x00,0x01,0xa5,0x40,0x80,0x00,0x10,0x42,0x55,0x00,0x13,
  0x18,0x14,0x08,0x14,0x34,0x00,0x09,0x8b,0x40,0x80,0x01,0x17,0x38,0x94,0x08,0x21,
  0x40,0x80,0x02,0x15,0x3a,0xb4,0x08,0x23,0x40,0x80,0x03,0x0a,0x3e,0xa0,0x8a,0x1b,
  0x1c,0x01,0x09,0x12,0x3e,0xa1,0x0a,0x0c,0x1c,0x04,0x09,0x93,0x3e,0xa1,0x8a,0x0d,
  0x76,0x27,0x45,0xa0,0x48,0x04,0x88,0x8e,0x0f,0x5c,0x10,0x22,0x3f,0x81,0x10,0x1f,
  0x3f,0x82,0x10,0x1e,0x3f,0x83,0x10,0x1c,0x0f,0x5c,0x0f,0x9a,0xb3,0xa8,0x51,0x23,
  0x0f,0x5c,0x0f,0x16,0x0f,0x5c,0x0e,0x07,0x40,0x20,0x00,0x7f,0x28,0x94,0x08,0x1d,
  0x1c,0x02,0x08,0x10,0x38,0x85,0xca,0x19,0xb3,0x06,0x4d,0x1b,0x28,0x85,0xca,0x18,
  0x38,0x85,0x4a,0x09,0xb1,0xe2,0x4b,0x0c,0x28,0x85,0x4a,0x0f,0x38,0x82,0x8a,0x08,
  0xb0,0xc2,0x03,0x8d,0x28,0x82,0x8a,0x06,0x21,0x7f,0xef,0x0e,0x40,0x88,0x00,0x05,
  0x32,0x7f,0xdb,0x00,0x12,0x00,0x02,0x8c,0x40,0x20,0x00,0x7f,0x20,0x7f,0xd8,0x91,
  0x40,0x80,0x00,0x05,0x32,0x80,0x00,0x04,0x1c,0x01,0x02,0x85,0x38,0x94,0x02,0x25,
  0x48,0x01,0x48,0x90,0x76,0x27,0x52,0x93,0x0f,0x3e,0x09,0x92,0x28,0x94,0x02,0x12,
  0x1c,0x04,0x02,0x04,0x21,0x7f,0xfc,0x90,0x40,0x20,0x00,0x7f,0x32,0x7f,0xd2,0x80,
  0x40,0x80,0x00,0x08,0x34,0x00,0x80,0x96,0x40,0x90,0x00,0x0b,0x12,0x00,0x01,0x95,
  0x04,0x00,0x0b,0x0a,0x3f,0x81,0x0b,0x09,0x18,0x14,0x04,0x19,0x34,0x00,0x05,0x23,
  0x40,0x80,0x02,0x18,0x38,0x94,0x04,0x20,0x3a,0xd4,0x04,0x22,0x3e,0xc1,0x0c,0x9d,
  0x3b,0x82,0x91,0xa1,0x1c,0x01,0x05,0x0a,0xb3,0xe8,0x10,0xa2,0x28,0x94,0x04,0x1f,
  0x1c,0x02,0x04,0x08,0x34,0x00,0x04,0x9e,0x38,0x86,0x0c,0x9b,0x78,0x02,0xc4,0x17,
  0x3b,0x82,0x4f,0x1c,0x1c,0x01,0x04,0x89,0xb3,0x46,0xce,0x1d,0x28,0x86,0x0c,0x9a,
  0x20,0x7f,0xf7,0x17,0x40,0x84,0x00,0x11,0x40,0x20,0x00,0x7f,0x32,0x7f,0xc0,0x80,
  0x08,0x00,0xc6,0x3a,0x12,0x7f,0xbf,0x1a,0x18,0x14,0x86,0x3c,0x34,0x00,0x05,0xb6,
  0x0f,0x61,0x1d,0x3d,0x34,0x00,0x45,0xb7,0x40,0xff,0xff,0xb8,0x33,0x8e,0x7e,0xab,
  0x0c,0x00,0x1e,0x3b,0x5c,0x03,0xde,0x27,0x4c,0x00,0x1d,0x39,0x38,0x96,0x1e,0xb5,
  0x0c,0x04,0x06,0x0c,0x3b,0xae,0xdc,0x33,0x7c,0x00,0x1c,0xb2,0x3b,0xae,0x9b,0x2d,
  0x7c,0x00,0x13,0xb4,0x3b,0xe3,0x1c,0x2f,0x36,0x80,0x19,0x2c,0x36,0x80,0x1a,0x30,
  0xb5,0xcd,0xdb,0x35,0x08,0x2c,0xd7,0xb1,0x85,0x4c,0x57,0xb0,0x85,0x2b,0x57,0x2c,
  0x85,0x0a,0xd4,0xaa,0x23,0x8e,0x75,0xa8,0x40,0x20,0x00,0x7f,0x20,0x7f,0xb2,0x27,
  0x18,0x03,0x05,0x89,0x12,0x00,0x05,0x94,0x40,0x88,0x00,0x43,0x14,0x03,0xc4,0xc2,
  0x08,0x10,0xc6,0x07,0x0f,0x61,0x21,0x40,0x42,0x55,0x00,0x41,0x5c,0x03,0xc3,0xbf,
  0x18,0x03,0x20,0x88,0x38,0x96,0x20,0x0a,0x40,0x20,0x00,0x7f,0x20,0x00,0x05,0xbf,
  0x1c,0xfc,0x03,0x87,0x34,0x00,0x04,0xc6,0x1c,0x04,0x04,0x89,0x5c,0x03,0xc3,0xc4,
  0x34,0x00,0x04,0xc7,0xb8,0xb1,0xe3,0x0a,0x40,0x20,0x00,0x7f,0x24,0x00,0x04,0x45,
  0x1c,0x04,0x04,0x08,0x21,0x7f,0xfb,0xc4,0x40,0x20,0x00,0x7f,0x20,0x7f,0xa6,0x07,
  0x0c,0x00,0x03,0xcf,0x12,0x7f,0xa5,0x8a,0x40,0xff,0xff,0xce,0x34,0x00,0x44,0xcd,
  0x40,0x82,0x00,0x11,0x34,0x00,0x04,0xcc,0x34,0x00,0x04,0x4b,0x3b,0xb3,0xe7,0x4a,
  0xb9,0x33,0x66,0x0a,0x89,0x12,0xe4,0xca,0x24,0x00,0x04,0x48,0x32,0x7f,0xa0,0x80,
  0x12,0x00,0x02,0x0b,0x20,0x7f,0xa3,0x91,0x40,0x80,0x00,0x05,0x32,0x80,0x00,0x04,
  0x1c,0x01,0x02,0x85,0x38,0x94,0x02,0x28,0x48,0x01,0x48,0xa6,0x76,0x27,0x54,0x27,
  0x40,0x20,0x00,0x7f,0x28,0x94,0x02,0x27,0x1c,0x04,0x02,0x04,0x21,0x7f,0xfc,0xa6,
  0x32,0x7f,0x9e,0x00,0x00,0x20,0x00,0x00,0x41,0x00,0x81,0x03,0x35,0x00,0x00,0x00,
  0x0f,0x5f,0x42,0x15,0x35,0x80,0x00,0x18,0x40,0x80,0x00,0x93,0x14,0x01,0xc2,0x14,
  0x0c,0x00,0x02,0x8e,0x00,0x20,0x00,0x00,0x18,0x00,0xca,0x92,0x38,0x80,0xca,0x90,
  0x08,0x01,0x4a,0x04,0x00,0x20,0x00,0x00,0x1c,0x03,0x49,0x11,0x38,0x84,0xc9,0x0a,
  0x1c,0x03,0x89,0x0b,0x42,0x7f,0xff,0x8d,0x0c,0x00,0x02,0x05,0x00,0x20,0x00,0x00,
  0x0b,0x43,0x86,0x82,0x3b,0x84,0x48,0x0f,0x3b,0x82,0xc5,0x09,0x14,0x3f,0xc7,0x8c,
  0x0f,0x62,0x06,0x08,0x14,0x3f,0xc4,0x86,0x08,0x21,0x84,0x07,0x0b,0x21,0x43,0x83,
  0x18,0x20,0xc1,0x03,0x35,0x00,0x00,0x00,0x40,0x80,0x1e,0x08,0x12,0x7f,0xf2,0x93,
  0x0c,0x04,0x02,0x05,0x34,0x01,0x01,0x87,0x40,0x20,0x00,0x7f,0x24,0xff,0x80,0xd1,
  0x04,0x00,0x01,0xd1,0x38,0x82,0x01,0x83,0x24,0xff,0xc0,0xd0,0x1c,0x0f,0x28,0x86,
  0x24,0x00,0x40,0x80,0x3b,0x94,0x43,0xd0,0x40,0x20,0x00,0x7f,0x24,0xff,0x40,0xd2,
  0x04,0x00,0x02,0x52,0x3b,0x81,0x81,0x83,0x24,0xfe,0xc0,0x81,0x04,0x00,0x28,0x04,
  0x1c,0xec,0x00,0x81,0x18,0x14,0xa8,0x50,0x33,0x7f,0xe9,0x00,0x34,0x01,0x28,0x85,
  0x3e,0xc0,0x28,0x84,0xb0,0x41,0x68,0x04,0x24,0x01,0x28,0x82,0x34,0x01,0x80,0x80,
  0x1c,0x14,0x00,0x81,0x34,0xff,0xc0,0xd0,0x34,0xff,0x80,0xd1,0x34,0xff,0x40,0xd2,
  0x35,0x00,0x00,0x00,0x00,0x20,0x00,0x00,0x40,0x80,0x1e,0x0e,0x34,0x01,0x01,0x95,
  0x1c,0x0f,0x01,0x8d,0x3e,0xc0,0x01,0x93,0x35,0x80,0x00,0x13,0x3b,0x80,0xca,0x94,
  0x1c,0x00,0x4a,0x12,0x0f,0x5f,0x4a,0x0b,0x09,0x25,0x0a,0x10,0xb1,0xe5,0x49,0x13,
  0x14,0x01,0xc8,0x05,0x00,0x20,0x00,0x00,0x0c,0x00,0x02,0x82,0x24,0x01,0x01,0x8f,
  0x38,0x83,0x81,0x8c,0x3b,0x83,0x46,0x0a,0x18,0x02,0xc5,0x09,0x38,0x82,0xc5,0x08,
  0x1c,0x03,0x44,0x87,0x3b,0x81,0xc4,0x06,0x14,0x3f,0xc3,0x04,0x0b,0x40,0x82,0x03,
  0x14,0x00,0x41,0x83,0x35,0x00,0x00,0x00,0x18,0x01,0x02,0x91,0x24,0xff,0xc0,0xd0,
  0x40,0x80,0x1c,0x12,0x24,0xff,0x80,0xd1,0x0f,0x60,0x82,0x8e,0x24,0xff,0x40,0xd2,
  0x1c,0x11,0x48,0x89,0x24,0xff,0x00,0xd3,0x40,0x80,0x0e,0x10,0x24,0xfe,0x80,0xd5,
  0x04,0x00,0x03,0xd0,0x24,0xfe,0x40,0xd6,0x04,0x00,0x01,0xd6,0x24,0xfd,0x80,0xd9,
  0x04,0x00,0x03,0x55,0x24,0xfc,0x40,0xde,0x04,0x00,0x04,0x5e,0x35,0x90,0x00,0x00,
  0x24,0x00,0x40,0x80,0x24,0xfe,0xc0,0xd4,0x24,0xfe,0x00,0xd7,0x24,0xfd,0xc0,0xd8,
  0x24,0xfd,0x40,0xda,0x24,0xfd,0x00,0xdb,0x24,0xfc,0xc0,0xdc,0x24,0xfc,0x80,0xdd,
  0x40,0x20,0x00,0x7f,0x24,0xfb,0xc0,0x81,0x1c,0xbc,0x00,0x81,0x38,0x84,0x88,0x8f,
  0x38,0x81,0x07,0x0a,0x18,0x01,0x07,0x04,0x40,0x20,0x00,0x7f,0x34,0x01,0x01,0x8b,
  0x1c,0x07,0x02,0x0d,0x38,0x84,0x02,0x0c,0x12,0x7f,0xc5,0x15,0x3b,0x82,0x47,0x82,
  0x3b,0x81,0x05,0x53,0x3b,0x95,0x85,0xd1,0x56,0xc0,0x01,0x03,0x3b,0x83,0x46,0x52,
  0x55,0xc0,0x01,0xd9,0x20,0x00,0x28,0x05,0x42,0x43,0x20,0x45,0x40,0xff,0xfe,0x44,
  0x18,0x11,0x47,0x42,0x40,0x80,0x1e,0x43,0x1c,0xff,0x21,0x41,0x38,0x91,0x21,0x40,
  0x1c,0x0f,0x2b,0x3f,0x38,0x90,0xeb,0x3e,0x3b,0x90,0x60,0x54,0x3b,0x8f,0xdf,0x58,
  0x04,0x00,0x28,0x84,0x3f,0xe0,0x2c,0x03,0x04,0x00,0x2c,0x85,0x33,0x7f,0xba,0x80,
  0x40,0x20,0x00,0x7f,0x12,0x7f,0xfd,0x9d,0x18,0x00,0xe9,0x4c,0x38,0x80,0xe9,0x4a,
  0x3e,0xc0,0x28,0x09,0x1c,0x03,0x66,0x4b,0x3b,0x92,0xe5,0x49,0x56,0xc0,0x24,0xc8,
  0x55,0xc0,0x24,0x06,0x0f,0x60,0x83,0x04,0x18,0x01,0xa9,0xc7,0x4c,0xff,0xc3,0x46,
  0x1c,0x03,0x63,0x88,0x00,0x20,0x00,0x00,0x18,0x15,0x02,0x07,0x20,0x00,0x13,0xc6,
  0x34,0x00,0x28,0x5c,0x38,0x95,0x02,0x0d,0x38,0x81,0xa9,0x82,0x3b,0x94,0x2e,0x5b,
  0x3b,0x81,0xc6,0x83,0x3b,0x82,0x01,0x04,0xe1,0x80,0xea,0xdb,0x56,0xc0,0x02,0x0a,
  0x55,0xc0,0x05,0x0b,0x18,0x02,0xe8,0xd1,0xb9,0xd7,0x06,0x09,0x24,0x00,0x28,0x4e,
  0x1c,0x01,0x28,0x50,0x58,0x14,0x2f,0x4d,0x21,0x7f,0xef,0x4d,0x34,0x01,0x2b,0x09,
  0x3e,0xc0,0x2b,0x10,0xb1,0xe2,0x68,0x90,0x24,0x01,0x2b,0x0f,0x34,0x04,0x80,0x80,
  0x1c,0x44,0x00,0x81,0x34,0xff,0xc0,0xd0,0x34,0xff,0x80,0xd1,0x34,0xff,0x40,0xd2,
  0x35,0x80,0x00,0x0d,0x34,0xff,0x00,0xd3,0x34,0xfe,0xc0,0xd4,0x34,0xfe,0x80,0xd5,
  0x34,0xfe,0x40,0xd6,0x34,0xfe,0x00,0xd7,0x34,0xfd,0xc0,0xd8,0x34,0xfd,0x80,0xd9,
  0x34,0xfd,0x40,0xda,0x34,0xfd,0x00,0xdb,0x34,0xfc,0xc0,0xdc,0x34,0xfc,0x80,0xdd,
  0x34,0xfc,0x40,0xde,0x35,0x00,0x00,0x00,0x40,0x20,0x00,0x7f,0x12,0x7f,0xf6,0x09,
  0x40,0x80,0x22,0x50,0x3e,0xc1,0x2b,0x5e,0x1c,0x11,0x2b,0x53,0x38,0x94,0x2b,0x51,
  0x3b,0x94,0xe8,0xd2,0x04,0x00,0xa9,0x5d,0xba,0xb4,0x6e,0xde,0x28,0x94,0x2b,0x55,
  0x32,0x7f,0xf1,0x80,0x12,0x7f,0x99,0x8a,0x40,0x80,0x1e,0x07,0x1c,0x0f,0x2b,0x06,
  0x40,0x20,0x00,0x7f,0x38,0x81,0xeb,0x05,0x40,0x20,0x00,0x7f,0x3b,0x81,0x82,0xd8,
  0x04,0x00,0x2c,0x03,0x3f,0xe0,0x28,0x84,0x04,0x00,0x2c,0x85,0x33,0x7f,0x94,0x80,
  0x18,0x00,0xe9,0x16,0x38,0x80,0xe9,0x14,0x1c,0x03,0x4b,0x15,0x3b,0x85,0x4a,0x13,
  0x56,0xc0,0x09,0x8e,0x55,0xc0,0x07,0x03,0x4c,0x02,0x01,0x88,0x21,0x7f,0xf1,0x88,
  0x0f,0x60,0x81,0xb3,0x34,0x00,0x28,0x34,0x42,0x43,0x08,0x54,0x3e,0xc0,0x28,0x5b,
  0x40,0x80,0x02,0x57,0x38,0x80,0xe9,0xac,0x1c,0x01,0x28,0x23,0x12,0x7f,0x8c,0x9a,
  0x18,0x15,0x19,0xb1,0x38,0x95,0x19,0xb0,0x18,0x00,0xe9,0xb2,0x3e,0xc1,0x28,0x5c,
  0x1c,0x01,0x18,0xaa,0x3b,0x94,0x1a,0x2f,0x1c,0x03,0x59,0x2d,0x38,0x95,0xd8,0xa9,
  0x04,0x00,0x2c,0x03,0x3f,0xe0,0x2c,0x85,0x3b,0x8b,0x56,0x2b,0x3b,0x8c,0x58,0x2e,
  0x56,0xc0,0x15,0xa8,0x3b,0x8a,0x94,0xa0,0xe4,0xcb,0xaa,0xaf,0x55,0xc0,0x14,0x27,
  0x18,0x09,0xe8,0xd1,0x04,0x00,0x28,0x84,0xb4,0x8d,0x13,0x5b,0x24,0x00,0x28,0x24,
  0x38,0x95,0xe8,0x22,0x3b,0x88,0xd1,0x21,0xe3,0xe8,0x2a,0xa1,0xb3,0xa8,0x8f,0xdc,
  0x28,0x95,0xe8,0x1d,0x33,0x7f,0x7f,0x80,0x18,0x00,0xe9,0x1c,0x38,0x80,0xe9,0x1a,
  0x1c,0x03,0x4e,0x1b,0x3b,0x86,0xcd,0x19,0x56,0xc0,0x0c,0x98,0x55,0xc0,0x0c,0x0d,
  0x4c,0x02,0x06,0x97,0x21,0x7f,0xdc,0x97,0x0f,0x60,0x86,0x82,0x3e,0xc2,0x28,0x5a,
  0x40,0x80,0x04,0x44,0x38,0x83,0x69,0xca,0x1c,0x02,0x28,0x04,0x12,0x7f,0x78,0x9e,
  0x40,0x80,0x06,0x3b,0x38,0x91,0x28,0x03,0x18,0x15,0x01,0x0a,0x38,0x95,0x01,0x0b,
  0x1c,0x03,0x28,0x42,0x3e,0xc3,0x28,0x5d,0x1c,0x01,0x05,0x4d,0x38,0x95,0xc5,0x4c,
  0x18,0x03,0x69,0xce,0x3f,0xe0,0x2c,0x85,0x04,0x00,0x01,0xc7,0x3b,0x81,0x01,0x8c,
  0x1c,0x03,0x67,0x4b,0x3b,0x82,0x85,0xcf,0x04,0x00,0x2c,0x03,0x3b,0x93,0x66,0x3f,
  0x3b,0x92,0xe5,0x49,0xe9,0x13,0xea,0x8c,0x56,0xc0,0x24,0xc6,0x55,0xc0,0x23,0x43,
  0xb8,0xb1,0xe4,0x5a,0x18,0x10,0xe8,0xd1,0x04,0x00,0x28,0x84,0x28,0x91,0x28,0x45,
  0x38,0x8e,0xe8,0x41,0x3b,0x90,0xa0,0xc0,0xe7,0xcf,0xea,0xc0,0xb7,0x90,0x5f,0x5d,
  0x28,0x8e,0xe8,0x3c,0x33,0x7f,0x69,0x80,0x18,0x00,0xe9,0x3a,0x38,0x80,0xe9,0x38,
  0x1c,0x03,0x5d,0x39,0x3b,0x8e,0x5c,0x37,0x56,0xc0,0x1b,0xb6,0x55,0xc0,0x1b,0x03,
  0x4c,0x02,0x01,0xb5,0x21,0x7f,0xc6,0xb5,0x0f,0x60,0x81,0xa3,0x34,0x00,0x68,0x24,
  0x40,0x80,0x0a,0x11,0x38,0x80,0xe9,0xa0,0x1c,0x05,0x28,0x14,0x12,0x7f,0x62,0x9a,
  0x18,0x00,0xe9,0xa2,0x3f,0xe0,0x2c,0x03,0x18,0x15,0x11,0x85,0x38,0x95,0x11,0x9e,
  0x1c,0x03,0x51,0x21,0x00,0x20,0x00,0x00,0x1c,0x01,0x02,0x9a,0x3b,0x94,0x12,0x1d,
  0x38,0x95,0xc2,0x99,0x3b,0x88,0x50,0x1f,0x3b,0x81,0x4f,0x1c,0x04,0x00,0x2c,0x85,
  0x56,0xc0,0x0f,0x9b,0x3b,0x86,0x8c,0x8e,0xe2,0xe7,0x2a,0x9d,0x55,0xc0,0x0d,0x98,
  0x18,0x06,0x28,0xd1,0x04,0x00,0x28,0x84,0xb2,0xa9,0x0b,0xdb,0x24,0x00,0x68,0x15,
  0x38,0x84,0x68,0x13,0x3b,0x85,0x09,0x88,0xe0,0xe3,0xaa,0x88,0xb2,0x44,0xc3,0xdc,
  0x28,0x84,0x68,0x12,0x33,0x7f,0x55,0x80,0x18,0x00,0xe9,0x10,0x38,0x80,0xe9,0x0f,
  0x1c,0x03,0x48,0x09,0x3b,0x82,0x47,0x8d,0x56,0xc0,0x06,0xdc,0x55,0xc0,0x2e,0x0c,
  0x4c,0x02,0x06,0x5b,0x21,0x7f,0xb2,0xdb,0x0f,0x60,0x86,0x3d,0x38,0x83,0x29,0xb2,
  0x40,0x80,0x0c,0x2c,0x12,0x7f,0xb9,0x9e,0x1c,0x06,0x28,0x3c,0x00,0x20,0x00,0x00,
  0x40,0x80,0x0e,0x25,0x38,0x8b,0x28,0x3b,0x18,0x15,0x1e,0xba,0x38,0x95,0x1e,0xb9,
  0x1c,0x07,0x28,0x2a,0x38,0x95,0xdd,0x34,0x1c,0x01,0x1d,0x35,0x18,0x03,0x29,0xb6,
  0x40,0x20,0x00,0x7f,0x3b,0x8f,0x1d,0xb8,0x1c,0x03,0x5b,0x33,0x3b,0x8e,0x9c,0xb7,
  0x3b,0x8d,0x5a,0x27,0x3b,0x8c,0xd9,0x31,0xe6,0x0d,0xea,0xb8,0x56,0xc0,0x18,0xae,
  0x55,0xc0,0x17,0x2b,0xb5,0xae,0xd8,0x5a,0x18,0x0a,0xe8,0xd1,0x28,0x8b,0x28,0x2d,
  0x38,0x89,0x68,0x29,0x3b,0x8a,0x94,0xa8,0xe4,0xc9,0xea,0xa8,0xba,0xea,0x53,0x5d,
  0x28,0x89,0x68,0x57,0x1c,0x08,0x28,0x50,0x58,0x14,0x2f,0x54,0x21,0x7f,0xaa,0xd4,
  0x32,0x7f,0x95,0x80,0x00,0x20,0x00,0x00,0x40,0xf6,0xb0,0x4f,0x24,0xff,0x40,0xd2,
  0x04,0x00,0x00,0x91,0x24,0xfc,0x00,0xdf,0x40,0x80,0x22,0x07,0x24,0x00,0x40,0x80,
  0x40,0x80,0x00,0x0f,0x24,0xff,0xc0,0xd0,0x04,0x00,0x02,0xd2,0x24,0xff,0x80,0xd1,
  0x40,0x80,0x1a,0x0c,0x24,0xff,0x00,0xd3,0x40,0x80,0x1e,0x09,0x24,0xfe,0xc0,0xd4,
  0x1c,0x0d,0x02,0x8a,0x24,0xfe,0x80,0xd5,0x24,0xfe,0x40,0xd6,0x35,0x90,0x00,0x00,
  0x24,0xfe,0x00,0xd7,0x24,0xfd,0xc0,0xd8,0x24,0xfd,0x80,0xd9,0x24,0xfd,0x40,0xda,
  0x24,0xfd,0x00,0xdb,0x24,0xfc,0xc0,0xdc,0x24,0xfc,0x80,0xdd,0x24,0xfc,0x40,0xde,
  0x24,0xfb,0xc0,0xe0,0x24,0xfb,0x80,0xe1,0x24,0xfb,0x40,0xe2,0x24,0xfb,0x00,0xe3,
  0x24,0xfa,0xc0,0xe4,0x24,0xfa,0x80,0xe5,0x24,0xfa,0x40,0xe6,0x24,0xfa,0x00,0xe7,
  0x18,0x13,0xc0,0x81,0x3e,0xc1,0x02,0x90,0x3e,0xc3,0x02,0x8b,0x24,0x00,0x00,0x91,
  0x38,0x81,0xc2,0x8e,0x38,0x83,0x02,0x85,0x04,0x00,0x02,0x0c,0x12,0x00,0x08,0x9c,
  0xb1,0xa3,0x87,0x90,0x3b,0x82,0x82,0xdf,0x40,0x20,0x00,0x7f,0x28,0x81,0xe9,0x0d,
  0x04,0x00,0x2f,0x8a,0x38,0x82,0x69,0x06,0xb0,0x81,0x81,0x8b,0x28,0x82,0x69,0x04,
  0x34,0x00,0xe9,0x02,0x3b,0x94,0x81,0x08,0x4c,0x00,0x04,0x03,0x20,0x03,0xed,0x03,
  0x04,0x00,0x06,0x07,0x3f,0xe0,0x29,0x06,0x40,0x80,0x00,0x09,0x40,0x85,0x9a,0x0b,
  0x1c,0x00,0x44,0x89,0x34,0x00,0x03,0x97,0x40,0x20,0x00,0x7f,0x34,0x01,0x43,0x14,
  0x48,0x02,0x44,0x12,0x3e,0xc0,0x03,0x16,0x3b,0x81,0xcb,0x95,0x1c,0x01,0x03,0x87,
  0xb2,0x65,0x0a,0x96,0x24,0x01,0x43,0x13,0x18,0x02,0xc3,0x06,0x21,0x7f,0xfa,0x92,
  0x4c,0x00,0x04,0x18,0x20,0x03,0xe4,0x18,0x40,0x80,0x00,0x61,0x32,0x80,0x00,0x60,
  0x40,0x85,0x9a,0x21,0x12,0x00,0x08,0x9a,0x40,0x80,0x04,0x1c,0x79,0x88,0x70,0xa0,
  0x78,0xa8,0x70,0x9f,0x18,0x08,0x0f,0x9e,0x1c,0x10,0x0f,0x1d,0x18,0x07,0x69,0x1b,
  0x1c,0x02,0x0d,0xd5,0x38,0x87,0x0d,0x9a,0x3b,0x95,0x4d,0x19,0x20,0x00,0xd6,0x99,
  0x40,0x80,0x1e,0x24,0x1c,0x0f,0x29,0x23,0x38,0x89,0x29,0x22,0x3b,0x88,0xd1,0x53,
  0x04,0x00,0x29,0x88,0x18,0x02,0xa9,0x87,0x1c,0xff,0xc3,0x87,0x00,0x20,0x00,0x00,
  0x1c,0x03,0x43,0xa8,0x34,0x00,0x03,0xa7,0x58,0x14,0xc3,0x84,0x3b,0x8a,0x13,0x89,
  0x7e,0xfe,0x04,0xa6,0x56,0xc0,0x13,0x25,0x22,0x00,0xbd,0xa5,0x21,0x7f,0xfb,0x84,
  0x08,0x01,0xe9,0x9d,0x34,0x01,0x29,0x1b,0x3b,0x94,0x8d,0xa1,0x1c,0x01,0xd0,0xa0,
  0x0f,0x5f,0x50,0x1f,0x08,0x07,0x4f,0xa2,0x1c,0x00,0x51,0x5f,0x00,0x20,0x00,0x00,
  0x40,0x80,0x00,0xc8,0x34,0x01,0x29,0x46,0x1c,0x03,0xa9,0xc5,0x3e,0xc0,0x29,0x47,
  0x40,0x80,0x08,0x56,0x38,0x92,0x29,0xc4,0xb8,0x71,0xab,0x47,0x3b,0x91,0x62,0x42,
  0x24,0x01,0x29,0x43,0x14,0x3f,0xe1,0x03,0x14,0x03,0x01,0xc1,0x7c,0x03,0x20,0xc0,
  0x40,0x20,0x00,0x7f,0x21,0x00,0xcd,0x40,0x40,0x80,0x22,0x10,0x3e,0xc1,0x29,0x18,
  0x1c,0x11,0x29,0x1e,0x38,0x84,0x29,0x16,0x3b,0x87,0x8b,0x1d,0x04,0x00,0x8e,0xa2,
  0xbb,0x85,0x91,0x18,0x28,0x84,0x29,0x5c,0x0f,0x60,0xef,0xe3,0x1c,0x04,0x31,0x88,
  0x48,0x02,0x2b,0x4e,0x20,0x00,0x04,0xce,0x40,0x80,0x22,0x64,0x3e,0xc1,0x29,0x4f,
  0x1c,0x11,0x29,0x58,0x38,0x99,0x29,0x57,0x3b,0x96,0x2b,0x8e,0x04,0x00,0x87,0x54,
  0xbc,0xb5,0xea,0x4f,0x28,0x99,0x29,0x65,0x40,0x80,0x1a,0x1b,0x40,0x80,0x1c,0x1c,
  0x1c,0x0d,0x29,0x11,0x38,0x86,0xe9,0x2c,0x1c,0x0e,0x29,0x53,0x38,0x87,0x29,0x66,
  0x3b,0x84,0x56,0x0a,0x3b,0x94,0xf3,0x30,0x18,0x02,0xb0,0x60,0x20,0x00,0x9e,0x30,
  0x40,0x85,0xbe,0x06,0x40,0x80,0x1e,0x2d,0x18,0x01,0xa9,0x03,0x38,0x81,0xa9,0x2e,
  0x1c,0x01,0xeb,0x60,0x38,0x8b,0x69,0x1a,0x1c,0x0f,0x29,0x19,0x0f,0x5f,0x70,0x60,
  0x3b,0x80,0xd7,0x14,0x3b,0x86,0x4d,0x07,0x40,0x20,0x00,0x7f,0x20,0x00,0x05,0x14,
  0x40,0x80,0x22,0x2f,0x12,0x00,0x0e,0x94,0x1c,0x11,0x29,0x39,0x3e,0xc1,0x29,0x35,
  0x38,0x8b,0xe9,0x37,0x3b,0x8e,0x5b,0xb6,0x04,0x00,0x9b,0x34,0xb6,0x2d,0xda,0x35,
  0x28,0x8b,0xe9,0x31,0x48,0x18,0x05,0x55,0x40,0x20,0x00,0x7f,0x20,0x00,0x0b,0xd5,
  0x18,0x01,0xf0,0x04,0x38,0x81,0xf0,0x3e,0x1c,0x03,0x42,0x3d,0x3b,0x8f,0x5f,0x3c,
  0x7e,0x00,0x1e,0x3b,0x56,0xc0,0x1d,0xba,0x22,0x00,0x08,0x3a,0x04,0x00,0x05,0x06,
  0x40,0x20,0x00,0x7f,0x32,0x00,0x04,0x80,0x40,0x80,0x00,0xa6,0x12,0x7f,0xff,0x8a,
  0x38,0x89,0x82,0x27,0x1c,0x00,0x42,0x04,0x3b,0x81,0x53,0xa8,0x7e,0x00,0x14,0x2b,
  0x56,0xc0,0x15,0xb8,0x22,0x00,0x02,0xb8,0x1c,0x00,0x70,0x60,0x1c,0x03,0x82,0x05,
  0x78,0x18,0x03,0x33,0x20,0x7f,0xfa,0xb3,0x1c,0x00,0x70,0xe1,0x34,0x00,0xe9,0x44,
  0x3b,0x94,0xa2,0x02,0x48,0x18,0x41,0x43,0x21,0x7f,0xbf,0x43,0x4c,0x00,0x01,0x61,
  0x40,0x20,0x00,0x7f,0x20,0x00,0x70,0x61,0x41,0x20,0x64,0x9b,0x32,0x80,0x7f,0x9f,
  0x40,0x85,0x9a,0x24,0x3f,0xe0,0x29,0x21,0x60,0xc0,0x18,0x1b,0x32,0x80,0x00,0x20,
  0x04,0x00,0x12,0x28,0x32,0xff,0xff,0xa7,0x40,0x88,0x00,0x22,0x40,0x81,0x0c,0x23,
  0x40,0x81,0x14,0x25,0x42,0x46,0xd8,0x26,0x1c,0x15,0x29,0x1d,0x34,0x01,0x50,0xdf,
  0x3b,0x88,0x6f,0x9e,0x04,0x00,0x0f,0x15,0x18,0x08,0x8f,0x1c,0x00,0x20,0x00,0x00,
  0x40,0x81,0x14,0x16,0x3e,0xc2,0x0a,0x88,0x40,0x81,0x16,0x46,0x34,0x03,0x0a,0x8d,
  0x18,0x05,0x8a,0xd8,0x38,0x85,0x8a,0xd7,0x18,0x11,0x8a,0x8e,0x38,0x91,0x8a,0xcf,
  0x40,0x80,0x5c,0x54,0x3e,0xc3,0x0a,0xc9,0x40,0x80,0x5e,0x64,0x3e,0xc1,0x0a,0x92,
  0x40,0x80,0x62,0x63,0x38,0x95,0x0a,0xd6,0x40,0x81,0x1a,0x5a,0x38,0x99,0x0a,0x93,
  0x1c,0x2e,0x0a,0xcd,0x3b,0x96,0x2b,0xe5,0x18,0x16,0x8a,0xc5,0x3b,0x83,0xa7,0x8f,
  0x1c,0x31,0x0a,0xdc,0x38,0x98,0xca,0x90,0x1c,0x2f,0x0a,0xca,0x12,0x00,0x11,0xbe,
  0x18,0x08,0xca,0x8e,0x3b,0x85,0x46,0xd9,0x58,0xa3,0xf2,0x98,0x3b,0x93,0x6b,0x4c,
  0x58,0x83,0xf2,0xc8,0x3e,0xc0,0x0a,0xd1,0x3b,0x92,0x89,0x97,0x3b,0x97,0x08,0x5d,
  0xb9,0x75,0xcc,0x08,0xe3,0x06,0xe6,0x18,0xe3,0x26,0xe4,0x17,0x40,0x80,0x0b,0x17,
  0x40,0x20,0x00,0x7f,0x28,0x85,0x8a,0xcb,0x42,0x43,0xaa,0x16,0x38,0x91,0x8a,0xc7,
  0x1c,0x15,0x0b,0x13,0xb0,0x51,0xe4,0x49,0x28,0x91,0x8a,0x82,0x38,0x96,0x8a,0xc2,
  0x34,0x08,0xca,0x89,0x3b,0x91,0x61,0x0b,0x3b,0x85,0x44,0xc0,0x58,0x90,0x05,0x84,
  0x58,0xb0,0x05,0xaa,0x00,0x20,0x00,0x00,0xe2,0x86,0xc2,0x5d,0xb1,0x90,0x82,0x12,
  0xe1,0xa6,0xec,0xaa,0x28,0x96,0x8a,0x8c,0x34,0x08,0xca,0xa9,0xbc,0xea,0x55,0x51,
  0x40,0x20,0x00,0x7f,0x24,0x08,0xca,0xe7,0x40,0x80,0x04,0x0f,0x34,0x00,0x09,0xb2,
  0x40,0x80,0x02,0x0c,0x34,0x00,0x07,0x06,0x40,0x80,0x06,0x0b,0x34,0x00,0x0b,0x07,
  0x1c,0x02,0x07,0x31,0x38,0x83,0xc7,0x2f,0x1c,0x01,0x07,0x03,0x38,0x83,0x07,0x2e,
  0x1c,0x03,0x07,0x0a,0x38,0x82,0xc7,0x53,0x1c,0xff,0xcb,0x97,0x3b,0x84,0xd9,0x1a,
  0x1c,0xff,0x09,0x93,0x3b,0x83,0x83,0x11,0x1c,0xfc,0x07,0x0e,0x3b,0x85,0x83,0xe6,
  0x1c,0x01,0x0b,0x16,0x3b,0x8c,0x57,0xad,0x40,0x20,0x00,0x7f,0x3b,0x80,0xd7,0x2c,
  0xe3,0x04,0x4d,0x18,0x3b,0x82,0xa9,0xb0,0xe1,0xab,0x4d,0x0d,0xe3,0x2b,0x33,0x19,
  0xe2,0x8c,0x33,0x14,0x21,0x7f,0xf2,0x97,0x40,0x80,0x5e,0x41,0x3e,0xc3,0x0a,0xaa,
  0x58,0x83,0x4c,0x3f,0x38,0x83,0x0a,0xe7,0x40,0x80,0x5c,0x3e,0x38,0x90,0x4a,0xa9,
  0x58,0xa3,0x4c,0x38,0x38,0x82,0xca,0xd0,0x58,0xa5,0x0c,0xbb,0x38,0x83,0xca,0xc4,
  0x40,0x80,0x62,0x34,0x34,0x00,0x0a,0xd1,0x58,0x85,0x0c,0xb7,0x3e,0xc2,0x0a,0xab,
  0x1c,0x01,0x0a,0x99,0x3e,0xc0,0x0a,0xbc,0x1c,0x02,0x0a,0xe1,0xb8,0x6a,0x5f,0xaa,
  0x1c,0x03,0x0a,0xde,0x12,0x00,0x0c,0xb4,0x1c,0x2c,0x0a,0x8b,0x3b,0x86,0x73,0xdb,
  0x40,0x80,0x0b,0x18,0x3b,0x98,0x62,0x62,0x28,0x90,0x4a,0xc3,0x38,0x8f,0x8a,0xb3,
  0xe2,0xe6,0xdf,0xdb,0x3b,0x85,0x68,0xdf,0xe2,0xc6,0xf1,0x3b,0x3e,0xc1,0x0a,0xb9,
  0x3b,0x97,0xa8,0x14,0xe3,0x26,0xef,0xb8,0xb7,0xac,0xdc,0x2b,0xe3,0x46,0xdb,0x94,
  0x42,0x43,0xaa,0x14,0x00,0x20,0x00,0x00,0x1c,0x15,0x0a,0x0c,0x28,0x8f,0x8a,0xbd,
  0x34,0x03,0x0a,0xba,0xba,0xae,0x9d,0xbc,0x24,0x03,0x0a,0xd5,0x38,0x8d,0x0a,0xb6,
  0xb6,0xad,0x9b,0xb9,0x28,0x8d,0x0a,0xb5,0x40,0x80,0x04,0x0f,0x34,0x00,0x06,0x49,
  0x40,0x80,0x02,0x0d,0x34,0x00,0x05,0xc8,0x40,0x80,0x06,0x0e,0x34,0x00,0x0a,0x47,
  0x1c,0x02,0x05,0x89,0x38,0x83,0xc5,0x82,0x1c,0x01,0x05,0xc5,0x38,0x83,0x45,0xc2,
  0x1c,0x03,0x05,0xdd,0x38,0x83,0x85,0x92,0x1c,0xff,0xcc,0x18,0x3b,0x83,0x24,0x85,
  0x1c,0xff,0x06,0x0c,0x3b,0x82,0xe4,0x40,0x1c,0xfe,0x05,0x8b,0x3b,0x85,0x23,0xd9,
  0x1c,0x01,0x0a,0x14,0x3b,0x82,0x41,0x46,0x40,0x20,0x00,0x7f,0x3b,0x91,0x61,0x04,
  0xe3,0x30,0x02,0x99,0x3b,0x97,0x49,0x5a,0xe2,0xd1,0x82,0x96,0xe2,0xe1,0x2c,0x97,
  0xe3,0x56,0xac,0x9a,0x21,0x7f,0xf2,0x98,0x34,0x00,0x0a,0xcd,0x3e,0xc0,0x0a,0xce,
  0x3e,0xc1,0x0a,0xcc,0x3e,0xc2,0x0a,0xca,0x12,0x7f,0xaf,0x0f,0x3e,0xc3,0x0a,0xdc,
  0xba,0xd3,0x4c,0xce,0x24,0x00,0x0a,0xd6,0x38,0x83,0x4a,0x98,0xb9,0x66,0x0b,0xcc,
  0x28,0x83,0x4a,0xcb,0x38,0x83,0xca,0x93,0xb2,0xe4,0xcb,0x4a,0x28,0x83,0xca,0x97,
  0x38,0x83,0x8a,0x90,0xb1,0x64,0x0d,0x5c,0x28,0x83,0x8a,0x8b,0x1c,0x04,0x0a,0x95,
  0x58,0x05,0x4e,0x0c,0x21,0x7f,0xa7,0x8c,0x18,0x08,0x8f,0x0d,0x12,0x00,0x03,0x8c,
  0x14,0x03,0xce,0x8c,0x14,0x03,0xc6,0x84,0x08,0x23,0x02,0x15,0x21,0x00,0x76,0x95,
  0x40,0x80,0x00,0x04,0x40,0x81,0x10,0x05,0x18,0x07,0x82,0x08,0x34,0x40,0x04,0x16,
  0x28,0x87,0x42,0x16,0x1c,0x04,0x02,0x04,0x78,0x01,0x42,0x1c,0x20,0x7f,0xfd,0x9c,
  0x12,0x7f,0x9d,0x8c,0x34,0x08,0x86,0xe3,0x34,0x08,0x8e,0xe4,0x83,0xd9,0x31,0x9f,
  0x40,0x20,0x00,0x7f,0x24,0x08,0x8e,0x9e,0x1c,0x00,0x50,0x20,0x34,0x00,0xe9,0x5e,
  0x18,0x0a,0x0e,0x9d,0x18,0x09,0x10,0xa1,0x3b,0x94,0xaf,0x50,0x48,0x08,0x28,0x62,
  0x21,0x7f,0x97,0xe2,0x40,0x80,0x22,0x25,0x1c,0x11,0x29,0x24,0x38,0x89,0x69,0x23,
  0x3b,0x89,0x11,0x82,0x20,0x00,0x01,0x82,0x0c,0x00,0x01,0x60,0x00,0x20,0x00,0x00,
  0x40,0x89,0x50,0x52,0x34,0x4a,0xc0,0x80,0x04,0x00,0x30,0x03,0x18,0x14,0x80,0x81,
  0x34,0xff,0xc0,0xd0,0x34,0xff,0x80,0xd1,0x35,0x80,0x00,0x18,0x34,0xff,0x40,0xd2,
  0x34,0xff,0x00,0xd3,0x34,0xfe,0xc0,0xd4,0x34,0xfe,0x80,0xd5,0x34,0xfe,0x40,0xd6,
  0x34,0xfe,0x00,0xd7,0x34,0xfd,0xc0,0xd8,0x34,0xfd,0x80,0xd9,0x34,0xfd,0x40,0xda,
  0x34,0xfd,0x00,0xdb,0x34,0xfc,0xc0,0xdc,0x34,0xfc,0x80,0xdd,0x34,0xfc,0x40,0xde,
  0x34,0xfc,0x00,0xdf,0x34,0xfb,0xc0,0xe0,0x34,0xfb,0x80,0xe1,0x35,0x90,0x00,0x00,
  0x34,0xfb,0x40,0xe2,0x34,0xfb,0x00,0xe3,0x34,0xfa,0xc0,0xe4,0x34,0xfa,0x80,0xe5,
  0x34,0xfa,0x40,0xe6,0x34,0xfa,0x00,0xe7,0x35,0x00,0x00,0x00,0x12,0x7f,0x79,0x89,
  0x40,0x85,0xbe,0x41,0x18,0x02,0xaf,0xd0,0x18,0x10,0x69,0x3f,0x38,0x90,0x69,0x5b,
  0x40,0x20,0x00,0x7f,0x3b,0x8f,0xed,0xde,0x7c,0x00,0x2f,0x62,0x8b,0xf4,0x2f,0xe2,
  0x32,0x7f,0x75,0x00,0x12,0x00,0x07,0x89,0x08,0x01,0xe9,0xab,0x34,0x01,0x29,0x2f,
  0x58,0x14,0xc3,0xa9,0x3b,0x94,0x97,0xae,0x1c,0x01,0xd7,0x2d,0x0f,0x5f,0x56,0xac,
  0x08,0x0a,0xd6,0x2a,0x1c,0x00,0x55,0x5f,0x21,0x00,0x03,0x29,0x32,0x7f,0x42,0x80,
  0x34,0x00,0x03,0xb0,0x12,0x7f,0xff,0x92,0x40,0x20,0x00,0x7f,0x3b,0x80,0xd8,0x09,
  0x1c,0x03,0x44,0x3a,0x34,0x00,0x04,0x39,0x34,0x00,0x03,0xb6,0x3e,0x80,0x03,0xb8,
  0x3e,0x80,0x04,0x34,0x3b,0x8e,0x9c,0xb7,0xb6,0xad,0x9b,0xb8,0x24,0x00,0x03,0xb5,
  0x1c,0xff,0xc3,0x87,0x34,0x00,0x04,0x33,0x1c,0x03,0x43,0x83,0xb6,0x4c,0xc4,0xb4,
  0x24,0x00,0x04,0x32,0x1c,0x00,0x44,0x08,0x58,0x02,0x03,0xb1,0x21,0x7f,0xf6,0xb1,
  0x34,0x00,0x2a,0xbc,0x3b,0x95,0x5e,0x3b,0x40,0x20,0x00,0x7f,0x21,0x03,0x08,0x3b,
  0x40,0x80,0x1e,0x5a,0x12,0x7f,0x3c,0x91,0x1c,0x0f,0x29,0x59,0x34,0x01,0x29,0x51,
  0x0f,0x60,0xf0,0x56,0x38,0x96,0xa9,0x58,0x3e,0xc0,0x29,0x54,0x1c,0x02,0x2b,0x56,
  0x3b,0x96,0x6c,0x57,0xb9,0xd4,0x6b,0x54,0x18,0x18,0x2b,0xd0,0x38,0x98,0x2b,0xcc,
  0x24,0x01,0x29,0x4e,0x1c,0x03,0x68,0x4d,0x3b,0x93,0x66,0x4b,0x14,0x3f,0xe5,0x83,
  0x14,0x3f,0x01,0xca,0x7c,0x28,0x25,0x49,0x20,0x7f,0x34,0x49,0x12,0x00,0x0f,0x89,
  0x40,0x80,0x00,0x58,0x32,0x80,0x00,0x59,0x14,0x00,0xc1,0xdc,0x32,0x80,0x00,0x5b,
  0x40,0x80,0x80,0x5d,0x32,0x80,0x00,0x5e,0x40,0x20,0x00,0x7f,0x40,0x20,0x00,0x7f,
  0x32,0x00,0x0b,0x00,0x18,0x15,0xed,0xab,0x1c,0x08,0x00,0xaa,0x0f,0x60,0xd5,0xa5,
  0x40,0x80,0x02,0x08,0x40,0x80,0x7f,0x89,0x1c,0x00,0x6c,0x58,0x18,0x0a,0x92,0xa6,
  0x1c,0x08,0x12,0xa2,0x3a,0xca,0x92,0xa4,0x48,0x17,0x2c,0x1f,0x38,0x82,0x13,0x28,
  0x1c,0x10,0x2f,0x5e,0x3e,0xc1,0x13,0x29,0x1c,0x40,0x2e,0xdd,0x1c,0x02,0x2d,0xdb,
  0xb4,0xea,0x04,0x29,0x28,0x82,0x13,0x27,0x38,0x80,0x51,0x23,0xb4,0x28,0xc4,0xa4,
  0x28,0x80,0x51,0x21,0x21,0x00,0x47,0x1f,0x04,0x00,0x29,0x03,0x32,0x80,0x00,0x57,
  0x40,0x80,0x01,0x84,0x33,0x7e,0x30,0x80,0x04,0x00,0x01,0xda,0x20,0x7f,0xf3,0x03,
  0x40,0x80,0x1e,0x0d,0x12,0x7e,0x21,0x90,0x1c,0x0f,0x29,0x04,0x34,0x01,0x29,0x03,
  0x1c,0x08,0x00,0x85,0x38,0x83,0x69,0x07,0x1c,0x08,0x00,0xe7,0x18,0x17,0x82,0xd0,
  0x40,0x80,0x06,0x05,0x3a,0xd9,0xef,0x66,0x1c,0x08,0x2f,0x62,0x3f,0xe0,0x28,0x51,
  0x3b,0x94,0x81,0xd6,0x3b,0x81,0x03,0xd3,0x04,0x00,0x2b,0x04,0x04,0x00,0x29,0x83,
  0x1c,0x02,0x6b,0x54,0x33,0x7e,0x19,0x80,0x40,0x20,0x00,0x7f,0x12,0x7e,0x18,0x89,
  0x40,0x80,0x02,0x06,0x3e,0xc1,0x28,0x0a,0x1c,0x01,0x2b,0x04,0x40,0x80,0x04,0x05,
  0x38,0x81,0xa8,0x0b,0xb0,0x42,0xc1,0x8a,0x04,0x00,0x29,0x83,0x28,0x81,0xa8,0x02,
  0x33,0x7e,0x14,0x00,0x1c,0x08,0x2f,0x08,0x14,0x3e,0x01,0xe5,0x38,0x80,0x44,0x64,
  0xbc,0x79,0x32,0xe6,0x28,0x80,0x71,0x63,0x32,0x00,0x0f,0x00,0x33,0x7e,0x10,0x80,
  0x40,0x80,0x06,0x17,0x12,0x7e,0x0f,0x8a,0x1c,0x01,0x2a,0x04,0x3e,0xc3,0x28,0x9a,
  0x40,0x80,0x04,0x05,0x38,0x85,0xe8,0x99,0x1c,0x02,0x6a,0x54,0xb3,0x06,0x41,0x9a,
  0x04,0x00,0x29,0x83,0x28,0x85,0xe8,0x98,0x40,0x20,0x00,0x7f,0x33,0x7e,0x0a,0x80,
  0x40,0x80,0x04,0x13,0x3e,0xc2,0x28,0x96,0x14,0x3e,0x01,0xcf,0x12,0x7f,0xf8,0x12,
  0x7c,0x00,0x2b,0x90,0x38,0x84,0xe8,0x95,0xb2,0x85,0x67,0x96,0x28,0x84,0xe8,0x94,
  0x34,0x00,0x28,0x92,0x3b,0x94,0x49,0x11,0x1c,0x02,0x28,0xd1,0x48,0x04,0x67,0x8c,
  0x09,0x23,0x06,0x0f,0x58,0x24,0x07,0x8e,0x40,0x20,0x00,0x7f,0x21,0x7f,0x01,0x8e,
  0x1c,0x00,0x6b,0xd7,0x3f,0xe0,0x2a,0x04,0x40,0x80,0x06,0x05,0x3f,0xe0,0x29,0x83,
  0x48,0x15,0xed,0x1b,0x21,0x7f,0xef,0x1b,0x04,0x00,0x2e,0xd9,0x34,0x01,0x29,0x1d,
  0x3e,0xc0,0x29,0x1e,0xb3,0x87,0x6a,0x1e,0x24,0x01,0x29,0x1c,0x32,0x7f,0xcd,0x00,
  0x08,0x01,0x06,0x32,0x34,0x40,0x0f,0x2e,0x18,0x09,0x46,0x34,0x34,0x00,0x46,0xad,
  0x0f,0x61,0x19,0x06,0x32,0xff,0xff,0x83,0x0c,0x00,0x1a,0x07,0x34,0x00,0x0e,0xd7,
  0x5c,0x03,0xda,0x65,0x4c,0x00,0x19,0x31,0x0c,0x04,0x06,0x0c,0x38,0x89,0x83,0x2f,
  0x7c,0x00,0x18,0xac,0x3b,0xa1,0xc1,0x91,0x7c,0x00,0x32,0x9a,0x3b,0xe3,0x01,0xe6,
  0x3b,0xac,0x97,0x0e,0x36,0x80,0x16,0x58,0x40,0x20,0x00,0x7f,0x36,0x80,0x0d,0x53,
  0x08,0x24,0x73,0x0a,0xb6,0x0b,0x57,0x2f,0x89,0xe2,0xb3,0x53,0x8a,0x83,0x98,0x58,
  0x81,0xf5,0xea,0x4f,0x24,0x00,0x0e,0x8f,0x40,0x20,0x00,0x7f,0x20,0x7f,0x83,0xe5,
  0x18,0x03,0x06,0x85,0x12,0x00,0x04,0x92,0x08,0x09,0x46,0x06,0x14,0x03,0xc2,0xb7,
  0x5c,0x03,0xc3,0x0d,0x0f,0x61,0x1b,0xb6,0x18,0x03,0x0e,0x87,0x38,0x89,0x9b,0x08,
  0x40,0x20,0x00,0x7f,0x20,0x00,0x05,0x8d,0x1c,0xfc,0x03,0x06,0x34,0x00,0x02,0xba,
  0x1c,0x04,0x02,0x85,0x5c,0x03,0xc3,0x39,0x34,0x00,0x02,0xbb,0xba,0xae,0xdd,0x08,
  0x40,0x20,0x00,0x7f,0x24,0x00,0x03,0xd5,0x1c,0x04,0x03,0x87,0x21,0x7f,0xfb,0xb9,
  0x20,0x7f,0x79,0x06,0x12,0x7f,0x78,0x89,0x0c,0x00,0x03,0x14,0x34,0x00,0x42,0xab,
  0x34,0x00,0x02,0xb8,0x34,0x00,0x03,0xb3,0x3b,0xa5,0x13,0xbd,0xb7,0xca,0xdc,0x08,
  0x87,0x8c,0xdf,0x3d,0x24,0x00,0x03,0xbc,0x32,0x7f,0x74,0x00,0x7c,0x00,0xac,0x5b,
  0x21,0x02,0x9e,0xdb,0x7c,0x00,0xec,0x5d,0x21,0x02,0xa0,0xdd,0x7c,0x00,0x6c,0x5e,
  0x40,0x20,0x00,0x7f,0x21,0x02,0x99,0x5e,0x1c,0x48,0x00,0xe7,0x32,0x80,0x00,0x04,
  0x40,0x88,0x00,0x05,0x00,0x20,0x00,0x00,0x04,0x00,0x33,0x83,0x33,0x05,0x9f,0x80,
  0x04,0x00,0x29,0x03,0x00,0x20,0x00,0x00,0x40,0x80,0x02,0x84,0x33,0x7d,0xe3,0x80,
  0x42,0x42,0xc8,0x66,0x00,0x20,0x00,0x00,0x04,0x00,0x01,0xdb,0x21,0x02,0x4d,0x03,
  0x40,0x80,0x02,0x84,0x3f,0xe0,0x29,0x03,0x40,0x80,0x00,0x54,0x32,0x80,0x00,0x53,
  0x40,0x80,0x00,0x51,0x33,0x7d,0xde,0x80,0x1c,0x00,0x41,0xda,0x3f,0xe0,0x29,0x03,
  0x33,0x7d,0xed,0x00,0x12,0x7d,0xdc,0x8c,0x0f,0x61,0x81,0xd7,0x18,0x19,0xab,0xdb,
  0x40,0x80,0x04,0x62,0x3f,0xe0,0x29,0x03,0x1c,0x02,0x2a,0xde,0x00,0x20,0x00,0x00,
  0x40,0x80,0x01,0x84,0x38,0x98,0xaa,0xa3,0x1c,0x00,0x69,0xd3,0x48,0x14,0xed,0x58,
  0x3b,0x97,0x91,0xe6,0x33,0x7d,0xd6,0x80,0x1c,0x01,0xaa,0x22,0x12,0x7f,0xfa,0x8a,
  0x1c,0xff,0xc1,0x9f,0x38,0x99,0xa8,0x9e,0x4c,0xff,0xcf,0xa1,0x3a,0xd9,0xa8,0xa0,
  0x8a,0x88,0xaa,0x21,0xb3,0xa7,0x8f,0xa0,0x28,0x99,0xa8,0x9d,0x1c,0x01,0x28,0xd1,
  0x40,0x20,0x00,0x7f,0x21,0x7f,0xf5,0xd8,0x40,0x80,0x00,0x57,0x34,0x01,0x29,0x29,
  0x40,0x80,0x00,0x51,0x12,0x00,0x15,0x8a,0x42,0x43,0x30,0x58,0x3e,0xc0,0x29,0x28,
  0x42,0x41,0x08,0x5d,0x3b,0x94,0x94,0xd3,0x18,0x14,0xea,0x27,0xb4,0xaa,0x53,0xa8,
  0x24,0x01,0x29,0x25,0x38,0x98,0xaa,0xa4,0x3b,0x97,0x92,0x0c,0x32,0x00,0x10,0x80,
  0x40,0x80,0x1e,0x39,0x1c,0x00,0x6b,0xd7,0x1c,0x01,0xa9,0xd3,0x38,0x8e,0x69,0x38,
  0x3b,0x81,0x9c,0x03,0x33,0x7d,0xb9,0x80,0x18,0x16,0x28,0xb7,0x38,0x96,0x28,0xb6,
  0x0f,0x60,0xab,0xd1,0x12,0x7d,0xe0,0x90,0x0f,0x60,0x81,0xb5,0x3f,0xe0,0x28,0x05,
  0x04,0x00,0x2d,0x84,0x3f,0xe0,0x29,0x03,0x18,0x16,0x28,0xb4,0x38,0x96,0x28,0xb3,
  0x18,0x17,0x5a,0xb1,0x3b,0x8d,0xdb,0x09,0x38,0x97,0x5a,0xb0,0x0f,0x60,0x84,0xaf,
  0x3b,0x8d,0x19,0xb2,0x3b,0x8c,0x58,0x06,0x18,0x0b,0xf3,0x87,0x0f,0x60,0x99,0x2e,
  0x18,0x0b,0xb3,0x88,0x33,0x7d,0xd8,0x80,0x40,0x80,0x04,0x2d,0x1c,0x02,0x2a,0xac,
  0x38,0x8b,0x6a,0xde,0x3b,0x8b,0x2f,0x0c,0x48,0x15,0xed,0x3a,0x20,0x00,0x07,0xba,
  0x40,0x20,0x00,0x7f,0x12,0x7f,0xef,0x89,0x18,0x03,0x28,0xab,0x38,0x83,0x28,0xaa,
  0x40,0x20,0x00,0x7f,0x3f,0xe0,0x29,0x84,0x1c,0x0f,0x29,0x06,0x40,0x80,0x05,0x05,
  0x3b,0x8a,0xd5,0x50,0x4c,0xff,0xe8,0x62,0x21,0x7f,0xeb,0x62,0x1c,0x00,0x6b,0xd7,
  0x0f,0x60,0xab,0xd1,0x32,0x7f,0xf8,0x80,0x18,0x16,0x28,0xc5,0x38,0x96,0x28,0xc4,
  0x40,0x80,0x02,0x5a,0x12,0x00,0x0b,0x1a,0x1c,0x01,0x2a,0xc0,0x3e,0xc1,0x2a,0xbd,
  0x1c,0x03,0x2a,0x8d,0x38,0x96,0xaa,0xbc,0x14,0x03,0xc6,0x0e,0x14,0x03,0xc6,0x8f,
  0x3b,0x91,0x62,0x42,0x08,0x23,0x87,0xd1,0x3b,0x90,0x1e,0x5d,0x48,0x16,0x61,0x43,
  0x88,0x30,0xac,0xc3,0x1c,0x3f,0xe0,0xbe,0x0f,0x5e,0x1f,0x3b,0x00,0x20,0x00,0x00,
  0x48,0x0e,0xee,0xdb,0xbb,0x2f,0x1d,0xbd,0x86,0xb7,0x5d,0xdb,0x28,0x96,0xaa,0xd9,
  0x21,0x01,0xf2,0x51,0x40,0x80,0x00,0x03,0x40,0x81,0x10,0x04,0x38,0x83,0x41,0xc7,
  0x28,0x83,0x01,0xc7,0x1c,0x04,0x01,0x83,0x78,0x01,0x01,0xc6,0x20,0x7f,0xfe,0x46,
  0x34,0x08,0x86,0xc9,0x34,0x08,0x86,0x4b,0x32,0x80,0x7f,0xca,0x89,0x12,0xe4,0xca,
  0x40,0x20,0x00,0x7f,0x24,0x08,0x86,0x48,0x40,0x80,0x04,0x25,0x3f,0xe0,0x33,0xad,
  0x1c,0x02,0x2a,0xa4,0x32,0x80,0x00,0x34,0x40,0x85,0x18,0x67,0x38,0x89,0x6a,0xa3,
  0x41,0x00,0x00,0x3a,0x32,0x80,0x00,0x32,0x18,0x19,0xea,0xbc,0x32,0x80,0x00,0x3e,
  0x42,0x40,0x08,0x3b,0x42,0x43,0x78,0x2f,0x42,0x3c,0x08,0x31,0x00,0x20,0x00,0x00,
  0x60,0xc2,0x88,0x3a,0x3b,0x89,0x11,0xbd,0x40,0x81,0x14,0x36,0x40,0x88,0x00,0x37,
  0x40,0x82,0x00,0x39,0x00,0x20,0x00,0x00,0x1c,0x08,0x00,0xaa,0x3f,0xe0,0x16,0x95,
  0x40,0x80,0x02,0x50,0x32,0x80,0x00,0x09,0x18,0x0f,0x95,0x29,0x14,0x00,0x5a,0x62,
  0x1c,0x01,0x14,0xa8,0x38,0x94,0x14,0xa7,0x7e,0x00,0x31,0x53,0x40,0x81,0x00,0x0a,
  0x56,0xc0,0x29,0xa6,0x3b,0x8a,0x13,0xa1,0x40,0x20,0x00,0x7f,0x23,0x00,0x55,0xa6,
  0x40,0x80,0x00,0x0b,0x12,0x00,0x01,0x96,0x04,0x00,0x05,0x0c,0x00,0x20,0x00,0x00,
  0x08,0x0b,0x45,0xac,0x38,0x8b,0x45,0xc0,0x40,0x81,0xfe,0x5e,0x3a,0xcb,0x45,0x89,
  0x18,0x0b,0x45,0xc1,0x3e,0xc3,0x16,0x38,0x18,0x17,0x96,0x3f,0x38,0x97,0x96,0x5d,
  0x3b,0x90,0x60,0x33,0x3b,0x8f,0xee,0xdb,0x58,0xac,0xed,0xd9,0xba,0x30,0x2c,0x89,
  0x40,0x20,0x00,0x7f,0x28,0x8b,0x45,0xd1,0x1c,0x01,0x05,0x8b,0x38,0x97,0x96,0x30,
  0x78,0x03,0x05,0xab,0xb5,0xcc,0x19,0xb8,0x28,0x97,0x96,0x2e,0x20,0x7f,0xf6,0xab,
  0x41,0x1f,0xda,0x8a,0x12,0x00,0x02,0x94,0x04,0x00,0x16,0x88,0x60,0x82,0x79,0x8a,
  0x40,0xff,0xc0,0x09,0x00,0x20,0x00,0x00,0x1c,0x00,0x44,0x89,0x34,0x08,0x04,0x4f,
  0x34,0x00,0x04,0x03,0x3e,0xc0,0x04,0x54,0x3b,0x82,0x27,0x90,0x3b,0x82,0x01,0x87,
  0x58,0xc2,0x88,0x02,0x58,0x80,0x83,0x86,0x58,0xa0,0x83,0xe5,0xbc,0x60,0xc3,0x54,
  0xb9,0xd3,0xf2,0xd4,0x24,0x00,0x04,0x63,0x40,0x20,0x00,0x7f,0x24,0x08,0x04,0x4e,
  0x1c,0x01,0x04,0x08,0x21,0x7f,0xf8,0x89,0x40,0x80,0x20,0x1a,0x32,0x80,0x00,0x20,
  0x40,0xfe,0x00,0x22,0x0f,0x5f,0xcd,0x1f,0x0f,0x60,0x8d,0x19,0x0f,0x60,0xcd,0x1e,
  0x18,0x06,0x8d,0x1b,0x0c,0x1f,0xcf,0x8a,0x0c,0x00,0x0d,0x1c,0x0f,0x60,0x85,0x08,
  0x08,0x02,0x8d,0x18,0x0c,0x00,0x0c,0x9d,0x18,0x0e,0xc4,0x17,0x00,0x20,0x00,0x00,
  0x18,0x07,0x8a,0x8f,0x12,0x00,0x02,0xb6,0x04,0x00,0x0d,0x96,0x3f,0xe0,0x0a,0x93,
  0x1c,0xff,0x07,0x94,0x00,0x20,0x00,0x00,0x40,0x80,0x02,0x2e,0x34,0x00,0x09,0xc7,
  0x40,0xff,0xfe,0x40,0x34,0x00,0x0a,0x46,0x1c,0x01,0x09,0xdd,0x3e,0xc0,0x09,0xc3,
  0x1c,0xff,0x0a,0x09,0x3e,0xc1,0x09,0xd1,0x40,0x80,0x04,0x25,0x3e,0xc2,0x09,0xd3,
  0x40,0xff,0xfc,0x2c,0x3e,0xc3,0x09,0x92,0x1c,0x02,0x09,0xaa,0x3b,0x84,0xe3,0xc4,
  0x1c,0xfe,0x0a,0x5e,0x3b,0x85,0x23,0x45,0x40,0x80,0x06,0x57,0x40,0xff,0xfa,0x67,
  0x1c,0x03,0x09,0xe6,0x58,0xb1,0x62,0x42,0x1c,0xfd,0x0a,0x24,0x1c,0xfe,0x0b,0x16,
  0x4c,0x00,0x0b,0x56,0xb8,0x31,0xe1,0x43,0x24,0x00,0x09,0xc1,0x38,0x8b,0x89,0xdb,
  0x38,0x90,0x0a,0x3f,0x3b,0x97,0x6d,0xda,0x3b,0x82,0x5f,0xd9,0x58,0xb6,0x6d,0x38,
  0xb6,0x16,0xdc,0x51,0x28,0x8b,0x89,0xb0,0x38,0x89,0x49,0xd0,0x38,0x8b,0x0a,0x2b,
  0x3b,0x8a,0xa8,0x29,0x3b,0x97,0x95,0xe2,0x58,0xb8,0x94,0xa8,0xb4,0xd4,0x14,0x53,
  0x28,0x89,0x49,0xa6,0x38,0x95,0xc9,0xd8,0x38,0x99,0xca,0x23,0x1c,0xfc,0x0a,0x14,
  0x3b,0x99,0xac,0x0e,0x3b,0x89,0x11,0x84,0x58,0xa1,0x07,0x0d,0xb0,0xb6,0x06,0x92,
  0x40,0x20,0x00,0x7f,0x28,0x95,0xc9,0x85,0x1c,0x04,0x09,0x93,0x21,0x7f,0xe7,0xd6,
  0x18,0x06,0x4a,0x8d,0x34,0x00,0x0b,0x94,0x12,0x00,0x01,0x27,0x3b,0x85,0xca,0x0e,
  0x40,0x80,0x02,0x48,0x34,0x00,0x06,0xa5,0x1c,0x01,0x06,0xa4,0x34,0x00,0x0a,0xe7,
  0x1c,0x01,0x0a,0xe4,0x3e,0xc0,0x06,0xd8,0x38,0x92,0x06,0xa3,0x3e,0xc1,0x06,0x8a,
  0x3e,0xc0,0x0a,0x8b,0x3b,0x83,0x52,0x84,0x3b,0x85,0x73,0xe6,0x3e,0xc1,0x0a,0xcc,
  0x3b,0x89,0x11,0x85,0x58,0xc1,0x07,0x10,0x58,0xc1,0x47,0x4e,0x58,0xa4,0x33,0x12,
  0xba,0xe9,0x49,0x58,0x24,0x00,0x06,0xd7,0x38,0x92,0x0a,0xd6,0x38,0x92,0x06,0xcf,
  0x3b,0x99,0x2b,0x0f,0x58,0xb3,0x87,0x88,0xb0,0x73,0xc4,0x0a,0x28,0x92,0x06,0x83,
  0x1c,0x02,0x06,0x8d,0x34,0x00,0x0a,0x82,0x3b,0x85,0x41,0x07,0x58,0x84,0x03,0x86,
  0xbc,0xa0,0x83,0x0b,0x24,0x00,0x0a,0xe5,0x38,0x92,0x0a,0xe3,0x3b,0x99,0x31,0xcd,
  0x58,0x93,0xa6,0xcb,0xb9,0x38,0xe5,0xcc,0x28,0x92,0x0a,0xc9,0x1c,0x02,0x0a,0x95,
  0x78,0x05,0x49,0x96,0x20,0x7f,0xed,0x96,0x18,0x07,0x0c,0x18,0x18,0x06,0x4a,0x95,
  0x18,0x06,0x0d,0x0d,0x18,0x07,0x4b,0x97,0x4c,0xff,0xc6,0x93,0x21,0x7f,0xcc,0x93,
  0x1c,0x00,0x50,0x20,0x18,0x08,0x8a,0x95,0x7c,0x01,0x50,0x17,0x21,0x00,0x0a,0x97,
  0x04,0x00,0x0f,0x9a,0x32,0x7f,0xc4,0x00,0x08,0x0b,0x44,0xcc,0x38,0x8b,0x44,0xca,
  0x40,0x81,0xfe,0x4d,0x12,0x7f,0xfe,0x8c,0x18,0x0b,0x44,0xcb,0x3a,0xcb,0x44,0xc5,
  0x18,0x13,0x66,0x49,0x38,0x93,0x66,0x48,0x3b,0x92,0xe5,0x46,0x3b,0x92,0x64,0x47,
  0x58,0xb1,0xe3,0x44,0xb8,0x52,0xa2,0x45,0x28,0x8b,0x44,0xc2,0x1c,0x01,0x04,0x89,
  0x78,0x02,0x84,0x8c,0x20,0x7f,0xf8,0x8c,0x40,0x20,0x00,0x7f,0x32,0x7f,0xae,0x80,
  0x42,0x41,0x04,0x12,0x12,0x00,0x01,0xae,0x04,0x00,0x0a,0x94,0x1c,0x80,0x09,0x13,
  0x40,0x80,0x06,0x19,0x34,0x00,0x0a,0xc2,0x40,0x80,0x04,0x1e,0x34,0x00,0x09,0x43,
  0x1c,0x03,0x0a,0x8c,0x38,0x86,0x4a,0xc1,0x1c,0x02,0x0a,0x89,0x38,0x87,0x8a,0xbf,
  0x40,0x80,0x02,0x27,0x3e,0xc0,0x0a,0xde,0x1c,0x01,0x0a,0xd9,0x3e,0xc1,0x0a,0xe2,
  0x3b,0x85,0x61,0x40,0x3b,0x84,0xa1,0xdb,0x1c,0xfe,0x09,0x12,0x3b,0x83,0x20,0xdd,
  0x40,0x20,0x00,0x7f,0x3b,0x82,0x5f,0xd1,0x78,0x04,0xc9,0x18,0x38,0x89,0xca,0xda,
  0x3e,0xc2,0x0a,0xa6,0x58,0xb7,0x60,0x30,0x58,0xd4,0x6d,0xb3,0x3e,0xc3,0x0a,0x9d,
  0x58,0xd7,0x6d,0xae,0x3b,0x96,0x6d,0x38,0x58,0x8c,0xd8,0x2b,0x58,0xb4,0x5c,0x2c,
  0x58,0xac,0xd8,0x22,0xba,0x10,0x95,0xde,0x58,0x8b,0x17,0x29,0x58,0xab,0x96,0x1c,
  0x24,0x00,0x0a,0xd0,0x38,0x89,0xca,0xd3,0xb5,0x14,0xd4,0xe2,0x28,0x89,0xca,0xa8,
  0x38,0x87,0x8a,0xa0,0xb3,0xe8,0x11,0x26,0x28,0x87,0x8a,0x9f,0x38,0x86,0x4a,0x9b,
  0xb3,0x46,0xce,0x1d,0x28,0x86,0x4a,0x9a,0x1c,0x04,0x0a,0x95,0x20,0x7f,0xea,0x98,
  0x0f,0x60,0x90,0xc4,0x12,0x00,0x04,0xc5,0x04,0x00,0x0a,0x13,0x18,0x0d,0x9e,0xac,
  0x42,0x41,0x88,0x14,0x00,0x20,0x00,0x00,0x18,0x0b,0xe2,0x21,0x38,0x8b,0xe2,0x15,
  0x40,0x20,0x00,0x7f,0x3b,0x88,0x4a,0x96,0x40,0x80,0x02,0x15,0x34,0x00,0x0a,0x53,
  0x40,0x80,0x06,0x1f,0x34,0x00,0x09,0xa8,0x1c,0x01,0x09,0xa6,0x38,0x85,0x49,0xa2,
  0x40,0x80,0x04,0x1e,0x40,0x81,0x1a,0x46,0x40,0x20,0x00,0x7f,0x3b,0x85,0x29,0x9c,
  0x1c,0x01,0x0a,0x14,0x3b,0x84,0xd4,0x20,0x1c,0x02,0x09,0x93,0x3b,0x89,0x91,0x18,
  0x78,0x0e,0x8a,0x45,0x0f,0x61,0x0e,0x0b,0x18,0x07,0x19,0x27,0x58,0xa6,0x10,0x23,
  0x0f,0x60,0x93,0x9d,0x18,0x0c,0x45,0x84,0x0c,0x1f,0xce,0x25,0x38,0x8c,0x45,0x8a,
  0x1c,0x03,0x02,0x1b,0x38,0x87,0xc2,0x1a,0x18,0x15,0x4e,0xc7,0x38,0x87,0x82,0x0d,
  0x1c,0x02,0x02,0x17,0x38,0x85,0x42,0x66,0x18,0x11,0xa3,0x90,0x38,0x91,0xa3,0xe7,
  0x0f,0x61,0x12,0xcf,0x3e,0xc1,0x23,0xca,0x18,0x0b,0x05,0xcb,0x3b,0x81,0x05,0x64,
  0x1c,0x01,0x02,0x05,0x3b,0x86,0xcd,0x19,0x3b,0x85,0xc6,0x91,0x38,0x8b,0x27,0x83,
  0x3b,0x84,0x33,0xd6,0x58,0xc6,0x4c,0x24,0x3a,0xcb,0x27,0x8f,0x3e,0xc0,0x25,0xe3,
  0x3b,0x81,0x73,0x12,0x58,0xa9,0x11,0xd8,0x58,0x89,0x11,0x88,0x58,0xd6,0x0b,0x57,
  0x58,0xc4,0x84,0x49,0x58,0xc4,0x6b,0xe5,0xd0,0x59,0x32,0xd6,0xb0,0xe0,0xc1,0x0f,
  0x28,0x8b,0x27,0x87,0x38,0x91,0xa3,0x86,0x34,0x20,0x25,0xcd,0x3b,0x84,0x03,0x54,
  0xe9,0xd5,0x32,0x65,0xb9,0x93,0x67,0x63,0x24,0x20,0x25,0xcc,0x38,0x91,0xa3,0xc8,
  0xb1,0xd2,0x24,0xca,0x28,0x91,0xa3,0x8e,0x20,0x7f,0xe2,0x45,0x1c,0x01,0x1e,0x2e,
  0x1c,0x02,0x1e,0x13,0x00,0x20,0x00,0x00,0x18,0x0d,0xd6,0x33,0x38,0x85,0x57,0x14,
  0x40,0xf8,0x08,0x38,0x3b,0x84,0xca,0x30,0x7c,0x01,0x18,0x29,0x34,0x00,0x17,0x2b,
  0x04,0x00,0x18,0x15,0x3b,0x8b,0x95,0xaa,0x0f,0x61,0x15,0x50,0x18,0x14,0x19,0xe2,
  0x18,0x0e,0x31,0x14,0x21,0x00,0xfb,0xa9,0x0f,0x60,0x98,0x0c,0x34,0x00,0x16,0x41,
  0x1c,0x04,0x16,0x2b,0x12,0x00,0x05,0xb6,0x3e,0xc0,0x16,0x5d,0x58,0x0a,0xca,0x51,
  0x18,0x0b,0xc6,0x40,0x38,0x8b,0xc6,0x09,0x3b,0x8b,0x20,0xbf,0x3b,0x90,0x04,0x93,
  0x58,0xc4,0xdf,0xdb,0xbb,0x50,0x6d,0xdd,0x24,0x00,0x16,0x5a,0x20,0x00,0x16,0xd1,
  0x34,0x00,0x15,0xa5,0x34,0x00,0x55,0x8b,0x34,0x00,0x95,0xe7,0x34,0x00,0xd5,0xa4,
  0x34,0x01,0x15,0xa3,0x34,0x01,0x55,0xe6,0x34,0x01,0x95,0x92,0x34,0x01,0xd5,0xd7,
  0x3b,0x8a,0xd2,0x84,0x3b,0x8a,0xc5,0x85,0x3b,0x8a,0xf3,0x86,0x3b,0x8a,0xd2,0x07,
  0x58,0xc4,0xc2,0x56,0x3b,0x8a,0xd1,0x88,0x58,0xc4,0xc2,0x82,0x3b,0x8a,0xf3,0x58,
  0x58,0xc4,0xc3,0x65,0x3b,0x8a,0xc9,0x11,0x58,0xc4,0xc3,0xcc,0x3b,0x8a,0xeb,0x83,
  0x58,0xc4,0xc4,0x4a,0x3e,0xc0,0x15,0xc6,0x58,0xc4,0xec,0x48,0x58,0xc4,0xc8,0xc5,
  0x58,0xc4,0xc1,0x90,0xbc,0x69,0x6b,0x46,0xb9,0xc2,0xc1,0x46,0xb1,0xd9,0xf2,0xc6,
  0xb4,0x29,0x26,0x46,0xb2,0xc8,0xe5,0x46,0xb9,0xb5,0xc8,0x46,0xb8,0x79,0xa4,0x46,
  0xb8,0x44,0xa2,0xc6,0x24,0x00,0x15,0xe3,0x24,0x00,0x55,0xce,0x24,0x01,0xd5,0xcd,
  0x24,0x00,0x95,0x8e,0x24,0x00,0xd5,0xa1,0x24,0x01,0x15,0x96,0x24,0x01,0x55,0xc3,
  0x24,0x01,0x95,0xc2,0x1c,0x20,0x15,0xab,0x58,0x0a,0xca,0x2c,0x21,0x7f,0xea,0xac,
  0x1c,0x02,0x17,0x2e,0x34,0x00,0x15,0x99,0x40,0x80,0x02,0x1c,0x34,0x00,0x55,0x9a,
  0x1c,0x01,0x17,0x66,0x34,0x00,0x95,0x9b,0x0f,0x60,0xd8,0x58,0x38,0x87,0x17,0x03,
  0x34,0x00,0xd5,0xac,0x34,0x01,0x15,0x9d,0x34,0x01,0x55,0xd3,0x34,0x01,0x95,0x94,
  0x04,0x00,0x0d,0xe2,0x12,0x7f,0xd8,0xfd,0x3b,0x99,0x81,0xb0,0x3b,0x8a,0xcc,0xc4,
  0x04,0x00,0x0e,0xa7,0x3b,0x8a,0xcd,0x43,0x04,0x00,0x16,0x26,0x3b,0x8a,0xd6,0x3f,
  0x08,0x0c,0x0a,0xd7,0x3b,0x8a,0xe9,0x9e,0x04,0x00,0x0a,0x29,0x3b,0x8a,0xca,0x1f,
  0x18,0x15,0xec,0x56,0x3b,0x8a,0xcd,0xc1,0x04,0x00,0x29,0xa8,0x3b,0x8a,0xce,0xdb,
  0x18,0x15,0xab,0x8f,0x3e,0xc0,0x15,0x94,0x0f,0x3f,0x6b,0x4a,0x18,0x03,0xeb,0x8e,
  0x0f,0x3f,0x47,0x96,0x18,0x03,0xab,0xcf,0x0f,0x3f,0x47,0x49,0x18,0x13,0xeb,0xd4,
  0x0f,0x3f,0x67,0x98,0x18,0x15,0x2b,0xe5,0x0f,0x3f,0x6a,0x20,0x18,0x19,0x6b,0x90,
  0x0f,0x3f,0x72,0xa1,0x0f,0x3f,0x48,0x22,0x14,0x01,0xc8,0x0c,0x14,0x01,0xeb,0x64,
  0x14,0x01,0xc7,0xe3,0x14,0x01,0xc7,0x4e,0x14,0x01,0xe7,0xcd,0x14,0x01,0xea,0x4c,
  0x14,0x01,0xf2,0xcb,0x0f,0x60,0xb2,0x13,0x0f,0x60,0xb1,0xc8,0x0f,0x60,0xa7,0x47,
  0x0f,0x60,0xa6,0xc6,0x0f,0x60,0xa6,0x45,0x0f,0x60,0xa5,0x88,0x0f,0x60,0x86,0x02,
  0x0f,0x60,0xa5,0x15,0x0f,0x60,0x8b,0x5a,0x0f,0x60,0xa4,0x97,0x0f,0x60,0x8c,0x0d,
  0x0f,0x60,0x90,0x0b,0x38,0x8b,0xca,0x8a,0x0f,0x60,0x90,0xa4,0x38,0x8b,0xed,0x25,
  0x0f,0x60,0x91,0x58,0x38,0x8b,0xcb,0xe7,0x18,0x0b,0xc9,0x89,0x38,0x8b,0xc6,0xe6,
  0x18,0x0b,0xe4,0x40,0x38,0x8b,0xc5,0xd7,0x18,0x0b,0xe3,0xdd,0x34,0x01,0x04,0xc2,
  0x18,0x0b,0xe3,0x59,0x34,0x01,0x20,0x11,0x18,0x0b,0xe2,0xd1,0x34,0x01,0x2e,0x92,
  0x18,0x0b,0xc4,0x65,0x35,0x90,0x00,0x00,0x18,0x0b,0xc1,0x4a,0x34,0x01,0x28,0xaa,
  0x18,0x0b,0xca,0x84,0x34,0x01,0x2c,0x86,0x18,0x0b,0xed,0x05,0x38,0x8b,0xd2,0x0e,
  0x18,0x0b,0xcb,0x87,0x38,0x8b,0xec,0x4c,0x18,0x0b,0xc6,0xa3,0x34,0x01,0x32,0xe4,
  0x18,0x0b,0xc5,0x83,0x34,0x01,0x25,0x49,0x18,0x0b,0xd2,0x0f,0x3b,0x94,0x55,0x13,
  0x18,0x0b,0xec,0x4d,0x3b,0x82,0x61,0x10,0x1c,0x1c,0x15,0xac,0x3b,0x90,0x08,0xcf,
  0x40,0x20,0x00,0x7f,0x3b,0x97,0x49,0x63,0x58,0x0b,0x19,0xd3,0x3b,0x96,0x43,0x4b,
  0x3b,0x81,0x05,0x56,0x3b,0x81,0x52,0xd4,0x3b,0x81,0xf3,0xce,0x3b,0x88,0xf3,0x0c,
  0x58,0xc4,0x2b,0x09,0x3b,0x80,0xeb,0xc8,0x58,0xd3,0xea,0x16,0x3b,0x83,0xc7,0x46,
  0x58,0xd8,0xe7,0x42,0x3b,0x99,0x72,0x47,0x58,0xd2,0xc6,0x40,0x3b,0x93,0x66,0x21,
  0x58,0xc4,0xe4,0x5d,0x3b,0x92,0xa4,0xc5,0x58,0xd1,0xe3,0x59,0x58,0xc2,0x62,0x51,
  0x58,0xd1,0x50,0xda,0x58,0xc5,0xa1,0xaa,0x58,0xd0,0xa0,0x9b,0x58,0xd0,0x1f,0x9c,
  0x58,0xd7,0x6d,0x9d,0x00,0x20,0x00,0x00,0x58,0xd6,0x4f,0x18,0xb4,0x46,0x68,0x94,
  0x58,0xd6,0x8f,0x8a,0xb4,0x06,0x95,0x14,0xb3,0x58,0x8d,0x94,0xb3,0x29,0x8e,0x14,
  0xb1,0xa9,0xce,0x94,0xb2,0xaa,0x0c,0x14,0xb2,0xea,0x45,0x14,0x24,0x00,0x15,0xa2,
  0x24,0x00,0x55,0xa0,0x24,0x00,0x95,0x9a,0x24,0x00,0xd5,0x99,0x24,0x01,0x95,0x97,
  0x24,0x01,0x15,0x8d,0x24,0x01,0x55,0x95,0x21,0x7f,0x9a,0x53,0x12,0x7e,0xf5,0x89,
  0x1c,0x00,0x5a,0x34,0x40,0x20,0x00,0x7f,0x48,0x0d,0x1a,0xae,0x1c,0x10,0x1f,0x3e,
  0x1c,0x01,0x1e,0xbd,0x1c,0x20,0x19,0x32,0x1c,0x10,0x1e,0x3c,0x18,0x0e,0x56,0xad,
  0x21,0x7e,0xf1,0x2e,0x4c,0x00,0xda,0x2d,0x40,0x20,0x00,0x7f,0x21,0x00,0x17,0x2d,
  0x0f,0x62,0x5a,0x32,0x3f,0xe0,0x1a,0x0d,0x40,0x81,0x18,0x2f,0x32,0x80,0x00,0x0e,
  0x0f,0x60,0x9a,0x0b,0x32,0xff,0xff,0x90,0x40,0x81,0x00,0x11,0x18,0x15,0x59,0x31,
  0x18,0x0b,0xd8,0x8f,0x00,0x20,0x00,0x00,0x1c,0x01,0x07,0x84,0x12,0x00,0x03,0x0a,
  0x04,0x00,0x06,0x88,0x14,0x03,0xc2,0x02,0x21,0x00,0x8d,0x02,0x40,0x80,0x00,0x03,
  0x40,0x81,0x00,0x05,0x28,0x81,0x01,0x8e,0x1c,0x04,0x01,0x83,0x78,0x01,0x41,0xb4,
  0x40,0x20,0x00,0x7f,0x20,0x7f,0xfe,0x34,0x40,0x80,0x04,0x62,0x12,0x00,0x03,0x90,
  0x1c,0x02,0x2a,0xa6,0x3f,0xe0,0x05,0x87,0x40,0x80,0x00,0x09,0x38,0x98,0xaa,0xa9,
  0x40,0x81,0xff,0x8a,0x3b,0x89,0x94,0x8c,0x18,0x01,0xc6,0x1f,0x40,0x81,0x14,0x5e,
  0x1c,0x01,0x04,0x08,0x3e,0xc2,0x0f,0xbf,0x1c,0x04,0x03,0x87,0x38,0x97,0x8f,0xdb,
  0x48,0x02,0x84,0x50,0xb3,0xd6,0xc4,0xbf,0x28,0x97,0x8f,0x9e,0x20,0x7f,0xfb,0xd0,
  0x1c,0x00,0x46,0x8d,0x18,0x04,0x47,0x8f,0x7c,0x01,0x06,0xc1,0x1c,0x01,0x05,0x8b,
  0x20,0x7f,0xef,0x41,0x34,0x00,0x2a,0xc4,0x3b,0x95,0x62,0x43,0x20,0x00,0x84,0xc3,
  0x40,0x85,0xc2,0x2a,0x34,0x01,0x69,0x06,0x40,0x80,0x16,0x59,0x34,0x00,0x69,0x5a,
  0x40,0x80,0x0a,0x51,0x38,0x8a,0xa9,0x67,0x40,0x80,0x14,0x04,0x38,0x96,0x69,0x05,
  0x1c,0x0b,0x29,0x0a,0x38,0x94,0x69,0x25,0x1c,0x05,0x29,0x0d,0x38,0x81,0x29,0x23,
  0x18,0x0a,0xa9,0x0b,0x3b,0x94,0x83,0x21,0x1c,0x0a,0x29,0x24,0x3b,0x94,0xad,0x17,
  0x04,0x00,0x29,0x15,0x3b,0x82,0xf3,0x9e,0x40,0x80,0x00,0x18,0x3b,0x82,0x82,0xa0,
  0x41,0x1f,0x00,0x1d,0x3b,0x83,0x52,0x9f,0x40,0x80,0x00,0x22,0x3b,0x89,0x11,0x96,
  0x41,0x20,0x00,0x0a,0x48,0x08,0x0c,0x12,0x04,0x00,0x05,0x09,0x20,0x00,0x03,0x92,
  0x40,0x80,0x02,0x02,0x34,0x00,0x0b,0x40,0x1c,0x01,0x0b,0x11,0x38,0x80,0x8b,0x5d,
  0x3b,0x85,0xa0,0x09,0x3b,0x84,0x6e,0x8a,0x41,0x20,0x00,0x13,0x48,0x07,0xcc,0x08,
  0x04,0x00,0x09,0x91,0x20,0x00,0x03,0x88,0x40,0x80,0x02,0x47,0x34,0x00,0x0b,0xc6,
  0x1c,0x01,0x0b,0xc5,0x38,0x91,0xcb,0xc2,0x3b,0x85,0xe3,0x11,0x3b,0x91,0x61,0x13,
  0x40,0x80,0x0c,0x0e,0x34,0x00,0x0a,0xd4,0x1c,0x06,0x0a,0xe4,0x00,0x20,0x00,0x00,
  0x78,0x44,0x44,0xcf,0x38,0x83,0x8a,0xe3,0x40,0xff,0x80,0x0e,0x09,0x33,0xe7,0xe5,
  0x0c,0x00,0x32,0xcb,0x3b,0x85,0x6a,0x0f,0x3b,0x99,0x31,0x88,0x1c,0x01,0x07,0x90,
  0x78,0x03,0xc4,0x4e,0x09,0x33,0xa7,0x4d,0x0c,0x00,0x26,0xcc,0x08,0x33,0x25,0xca,
  0x7e,0x00,0x25,0x49,0x56,0xc0,0x24,0xc8,0x40,0x20,0x00,0x7f,0x23,0x00,0x1d,0xc8,
  0x40,0x80,0x02,0x19,0x34,0x00,0x07,0x9a,0x1c,0x01,0x04,0x1b,0x34,0x00,0x04,0x14,
  0x58,0xa2,0x48,0xd3,0x38,0x86,0x44,0x1c,0x58,0xa2,0x89,0xe6,0x38,0x86,0x47,0xac,
  0x1c,0xe0,0x11,0x12,0x12,0x00,0x07,0x8c,0x3b,0x83,0xcd,0x06,0x3b,0x82,0x0a,0x03,
  0x58,0xc7,0x69,0x99,0x3b,0x86,0xce,0x30,0x58,0xc7,0x73,0x1a,0x3b,0x84,0x16,0x58,
  0x40,0xff,0xfc,0x14,0x58,0xa0,0xc3,0x57,0x58,0xac,0x2c,0x56,0x58,0xc7,0x6b,0x9b,
  0x58,0xc7,0x6b,0x1c,0x32,0x00,0x01,0x80,0x34,0x00,0x07,0xae,0x3b,0x83,0xd7,0x06,
  0x76,0xa6,0xca,0x26,0x34,0x00,0x08,0x5b,0x40,0x81,0x54,0x2d,0x12,0x7f,0xfd,0x9d,
  0x18,0x07,0x89,0x36,0x18,0x04,0x90,0xaf,0x18,0x0b,0x5b,0x50,0x38,0x8b,0x5b,0x62,
  0x18,0x0b,0x57,0xa9,0x38,0x8b,0x57,0x8c,0x1c,0x00,0x4a,0x14,0x3b,0x84,0x2d,0xde,
  0xe7,0x09,0x8d,0x86,0x3e,0xc2,0x1b,0x3a,0xe7,0x69,0x8d,0x13,0x3e,0xc2,0x17,0xb5,
  0xe7,0xa9,0x8c,0x91,0x00,0x20,0x00,0x00,0xe5,0x09,0x8e,0x5e,0x3b,0x94,0x31,0x27,
  0x1c,0x04,0x09,0x12,0x3b,0x8a,0x46,0x33,0x58,0xc9,0xd4,0x2b,0xe7,0xce,0x19,0xab,
  0x58,0xaf,0x99,0xbc,0x58,0xcf,0x5f,0x34,0x58,0xcf,0x1d,0x87,0xb6,0xf8,0x83,0xba,
  0x28,0x8b,0x5b,0x37,0x38,0x8b,0x57,0xb2,0xb6,0x2c,0x9a,0x35,0x28,0x8b,0x57,0xb1,
  0x21,0x7f,0xef,0x14,0x40,0xff,0x84,0x0e,0x0f,0x60,0x87,0x41,0x12,0x00,0x01,0xa0,
  0x18,0x10,0x4c,0x3f,0x0f,0x60,0x9f,0x8d,0x40,0x89,0x14,0x44,0x34,0x00,0x08,0x49,
  0x18,0x03,0x4f,0x23,0x34,0x00,0x07,0xc8,0x18,0x08,0x46,0xaa,0x00,0x20,0x00,0x00,
  0x18,0x11,0x11,0xc7,0x38,0x91,0x11,0xc6,0x18,0x11,0x15,0x42,0x38,0x91,0x15,0x40,
  0x1c,0x00,0x47,0x0e,0x3e,0xc2,0x15,0x59,0x1c,0x04,0x06,0x8d,0x3b,0x84,0x24,0xc5,
  0x4c,0xff,0xc7,0x43,0x3b,0x83,0xe4,0x5d,0x3e,0xc2,0x11,0xa5,0x3b,0x91,0xe3,0x02,
  0x3b,0x90,0xa0,0x12,0x58,0xd1,0x41,0x09,0xe1,0x57,0x49,0x09,0x58,0xc2,0x88,0x85,
  0x58,0xa2,0x89,0x51,0xb0,0x90,0x02,0xd9,0x58,0xd4,0x49,0x8b,0x28,0x91,0x15,0x04,
  0x38,0x91,0x11,0xe7,0xb4,0x99,0xc5,0xa5,0x28,0x91,0x11,0xa4,0x20,0x7f,0xf1,0xc3,
  0x1c,0x00,0x4c,0x18,0x1c,0x01,0x11,0x22,0x7c,0x01,0x0c,0x10,0x1c,0x01,0x0a,0x95,
  0x40,0x20,0x00,0x7f,0x20,0x7f,0xbb,0x90,0x40,0x80,0x0c,0x1b,0x34,0x00,0x29,0x2d,
  0x40,0x80,0x04,0x2f,0x3e,0xe2,0x29,0x0e,0x40,0x80,0x1e,0x03,0x38,0x86,0xe9,0x06,
  0x1c,0x02,0x29,0x19,0x38,0x8b,0xe9,0x1a,0x40,0x80,0x0a,0x65,0x38,0x80,0xe9,0x11,
  0x40,0x80,0x14,0x63,0x3e,0xe0,0x29,0x2c,0x1c,0x0f,0x29,0x1c,0x3b,0x94,0x96,0xae,
  0x42,0x42,0x88,0x4a,0x3e,0xc1,0x29,0x57,0x40,0x80,0x00,0x9e,0x3e,0xc0,0x29,0x21,
  0x42,0x3b,0xf8,0x10,0x3b,0x86,0x4d,0x53,0x1c,0x03,0x29,0x0b,0xb2,0x81,0x97,0x0e,
  0x3b,0x87,0x08,0x9f,0x12,0x00,0x14,0xa0,0x1c,0xff,0x29,0x11,0x28,0x86,0xe9,0x14,
  0x1c,0x03,0x4f,0x88,0x34,0x00,0xa9,0x66,0x1c,0x03,0x8f,0x96,0x34,0x00,0x69,0x30,
  0xbb,0x19,0xa9,0xac,0x3b,0x94,0x98,0x4f,0x24,0x00,0xa9,0x58,0x38,0x99,0x69,0x56,
  0x38,0x98,0xe9,0x54,0xb1,0xf5,0xae,0x57,0xbc,0x95,0x27,0x8e,0x28,0x99,0x69,0x0f,
  0x28,0x98,0xe9,0x64,0x34,0x00,0x0f,0xce,0x34,0x00,0x69,0x20,0x3b,0x82,0x27,0x4d,
  0x14,0x3f,0xe6,0xcc,0x0f,0x5f,0x26,0x4b,0x0f,0x62,0x26,0x15,0x0f,0x60,0xe5,0x93,
  0x18,0x12,0x89,0x97,0xb1,0xa8,0x0b,0xa1,0x24,0x00,0x69,0x0d,0x38,0x87,0x8f,0x9d,
  0x3b,0x85,0x8e,0x98,0x14,0x3f,0xcc,0x22,0x08,0x28,0x8a,0xdc,0x0f,0x5f,0x2e,0x04,
  0x40,0x20,0x00,0x7f,0x32,0x00,0x04,0x80,0x18,0x04,0x01,0xb7,0x12,0x7f,0xff,0x8c,
  0x34,0x00,0x05,0xb6,0xb6,0xad,0x9b,0x85,0x24,0x00,0x05,0xb5,0x1c,0xff,0x05,0x8b,
  0x78,0x04,0x45,0xb4,0x21,0x00,0x13,0xb4,0x14,0x00,0xc2,0x32,0x3e,0xc0,0x05,0x85,
  0x0f,0x5f,0x82,0x04,0x7c,0x00,0x99,0x31,0x0f,0x60,0x99,0x03,0x20,0x7f,0xf9,0xb1,
  0x40,0x80,0x22,0x0d,0x12,0x7c,0xee,0x8a,0x1c,0x11,0x29,0x4c,0x3e,0xc1,0x29,0x13,
  0x38,0x83,0x69,0x4b,0x3b,0x93,0x25,0xca,0x04,0x00,0xa5,0x21,0xb4,0x12,0xd0,0x93,
  0x28,0x83,0x69,0x20,0x34,0x01,0x29,0x1f,0x3b,0x94,0x8f,0xd6,0x32,0x7c,0xe9,0x80,
  0x58,0x05,0x19,0xde,0x20,0x7f,0x67,0x5e,0x04,0x00,0x0a,0x2b,0x32,0x7f,0x20,0x80,
  0x40,0x81,0x00,0x0a,0x12,0x7f,0x76,0x8e,0x0c,0x04,0x01,0x06,0x32,0xff,0xff,0x89,
  0x18,0x02,0x81,0x05,0x5c,0x03,0xc2,0xb5,0x3b,0xe1,0x84,0x87,0x21,0x00,0x0c,0xb5,
  0x0c,0x00,0x02,0xbb,0x34,0x00,0x02,0x37,0x3b,0xae,0xc4,0xba,0x08,0x2e,0x83,0xb9,
  0x18,0x2e,0x5b,0xb6,0x24,0x00,0x02,0x36,0x40,0x20,0x00,0x7f,0x32,0x7f,0x6f,0x80,
  0x40,0x85,0x1a,0x39,0x12,0x00,0x03,0x0a,0x1c,0x08,0x00,0x8e,0x18,0x0e,0x6a,0x8c,
  0x14,0x03,0xc6,0x0b,0x21,0x00,0x0f,0x8b,0x40,0x80,0x00,0x03,0x38,0x83,0x81,0x87,
  0x28,0x83,0x01,0x87,0x1c,0x04,0x01,0x83,0x7c,0x40,0x01,0xd5,0x20,0x7f,0xfe,0x55,
  0x34,0x01,0x29,0x4d,0x3b,0x94,0xa6,0xd6,0x40,0x20,0x00,0x7f,0x32,0x7c,0xd7,0x80,
  0x08,0x02,0x83,0x05,0x12,0x00,0x03,0x8b,0x18,0x01,0x82,0x06,0x34,0x00,0x02,0x3d,
  0x5c,0x03,0xc2,0xbc,0x18,0x21,0xde,0xbe,0x24,0x00,0x02,0x3e,0x20,0x00,0x03,0x3c,
  0x1c,0xfc,0x02,0x85,0x24,0x00,0x03,0x0e,0x1c,0x04,0x03,0x06,0x5c,0x03,0xc2,0xb3,
  0x21,0x7f,0xfe,0x33,0x20,0x7f,0x60,0x85,0x0c,0x00,0x02,0xa7,0x34,0x00,0x03,0x2b,
  0x3b,0xa9,0xc8,0x28,0x18,0x2a,0x15,0xb8,0x24,0x00,0x03,0x38,0x32,0x7f,0x5d,0x80,
  0x1c,0x08,0x00,0xd1,0x34,0x00,0x80,0xaa,0x42,0x46,0xd8,0x67,0x34,0x00,0xc0,0xdb,
  0x14,0x03,0xe8,0x84,0x34,0x00,0x80,0xbf,0x1c,0x40,0x05,0xa4,0x32,0xff,0xff,0xe2,
  0x08,0x01,0x05,0xa3,0x34,0x00,0x06,0x3d,0x0c,0x00,0x12,0x44,0x00,0x20,0x00,0x00,
  0x0f,0x61,0x11,0xa5,0x3b,0xa8,0xd5,0x29,0x5c,0x03,0xd2,0x3a,0x3b,0xb1,0x31,0x28,
  0x4c,0x00,0x11,0xc3,0x0c,0x04,0x05,0x8b,0x7c,0x00,0x21,0xde,0x38,0x99,0xd2,0xc1,
  0x7c,0x00,0x1d,0x50,0x3b,0xe2,0xf1,0x33,0x36,0x80,0x2f,0x27,0x36,0x80,0x28,0x38,
  0x08,0x2a,0x19,0xab,0xb4,0xd6,0xdf,0xc1,0x87,0xca,0xd9,0xb8,0x87,0x8a,0x53,0x27,
  0x87,0x6f,0x5e,0x3e,0x24,0x00,0x06,0x3b,0x40,0x20,0x00,0x7f,0x20,0x7f,0xe4,0xba,
  0x18,0x02,0xc7,0x08,0x12,0x00,0x04,0x92,0x18,0x02,0xc6,0x07,0x14,0x03,0xc4,0x59,
  0x42,0x46,0xd8,0x0c,0x0f,0x61,0x2c,0x85,0x0c,0x40,0x05,0x89,0x5c,0x03,0xc4,0xda,
  0x38,0x83,0x02,0x8a,0x20,0x00,0x05,0xda,0x1c,0xfc,0x04,0x89,0x34,0x00,0x04,0x5d,
  0x1c,0x04,0x04,0x08,0x5c,0x03,0xc4,0x8b,0x34,0x00,0x04,0x40,0xb2,0x50,0x2e,0x8a,
  0x40,0x20,0x00,0x7f,0x24,0x00,0x03,0x92,0x1c,0x04,0x03,0x87,0x21,0x7f,0xfb,0x8b,
  0x40,0x20,0x00,0x7f,0x20,0x7f,0xd9,0x89,0x0c,0x00,0x04,0xc9,0x34,0x00,0x44,0x47,
  0x40,0xff,0xff,0xc8,0x34,0x00,0x04,0x46,0x12,0x7c,0xb0,0x09,0x34,0x00,0x03,0xc5,
  0x3b,0xb2,0x64,0x02,0xb8,0x51,0xe3,0x0a,0x81,0x31,0x61,0x02,0x24,0x00,0x03,0x89,
  0x34,0x01,0x29,0x0a,0x3b,0x94,0x85,0x56,0x40,0x20,0x00,0x7f,0x32,0x7c,0xab,0x80,
  0x08,0x03,0xc7,0x12,0x34,0x00,0x06,0x90,0x40,0x81,0x14,0x16,0x34,0x00,0x46,0xcf,
  0x0f,0x61,0x09,0x14,0x32,0xff,0xff,0x83,0x42,0x46,0xd8,0x13,0x34,0x00,0x06,0x64,
  0x18,0x05,0x87,0x04,0x4c,0x00,0x09,0x05,0x0c,0x00,0x02,0x11,0x38,0x84,0xca,0x0f,
  0x5c,0x03,0xc2,0x4c,0x3b,0xa4,0x88,0x56,0x0c,0x04,0x07,0x0e,0x3b,0xa4,0x41,0x86,
  0x7c,0x00,0x02,0x87,0x00,0x20,0x00,0x00,0x7c,0x00,0x26,0x0a,0x3b,0xe3,0x81,0xe5,
  0x36,0x80,0x03,0x8b,0xb0,0x53,0xc8,0x0f,0x36,0x80,0x05,0x54,0x08,0x21,0xb2,0x88,
  0x89,0xd5,0x81,0x0b,0x8c,0x62,0x32,0xd4,0x89,0xb9,0x27,0x63,0x24,0x00,0x06,0x4d,
  0x40,0x20,0x00,0x7f,0x20,0x7e,0x06,0xcc,0x18,0x03,0x86,0x89,0x12,0x00,0x05,0x94,
  0x40,0x81,0x14,0x18,0x14,0x03,0xc4,0x99,0x08,0x06,0x07,0x07,0x0f,0x61,0x0c,0x97,
  0x18,0x03,0x86,0x0b,0x42,0x46,0xd8,0x0e,0x5c,0x03,0xc3,0x8d,0x38,0x83,0x8b,0x88,
  0x40,0x20,0x00,0x7f,0x20,0x00,0x05,0x8d,0x1c,0xfc,0x03,0x87,0x34,0x00,0x04,0x9c,
  0x1c,0x04,0x04,0x89,0x5c,0x03,0xc3,0x9a,0x34,0x00,0x04,0xd7,0xb3,0x75,0xce,0x08,
  0x40,0x20,0x00,0x7f,0x24,0x00,0x05,0x9b,0x1c,0x04,0x05,0x8b,0x21,0x7f,0xfb,0x9a,
  0x40,0x20,0x00,0x7f,0x20,0x7d,0xfa,0x87,0x0c,0x00,0x03,0xa2,0x12,0x7d,0xf9,0x89,
  0x40,0xff,0xff,0xa1,0x34,0x00,0x44,0xa0,0x34,0x00,0x04,0x9f,0x34,0x00,0x05,0x9e,
  0x3b,0xa8,0x90,0x9d,0xbc,0xc8,0x0f,0x88,0x8b,0x07,0xb3,0x1d,0x24,0x00,0x05,0xd8,
  0x32,0x7d,0xf5,0x00,0x04,0x00,0x29,0x03,0x40,0x80,0x01,0x04,0x33,0x7b,0x93,0x80,
  0x7c,0x00,0xc1,0xc3,0x3f,0xe0,0x01,0xd7,0x5c,0x00,0x41,0xc2,0x09,0x30,0xe1,0xc1,
  0x0c,0x00,0x21,0x3f,0x0c,0x00,0x20,0xc0,0x18,0x30,0x1f,0xbe,0x7e,0x00,0x1f,0x3d,
  0x56,0xc0,0x1e,0xbc,0x23,0x00,0x06,0xbc,0x40,0x80,0x22,0x44,0x12,0x7d,0xac,0x8a,
  0x1c,0x11,0x29,0x4b,0x3e,0xc1,0x29,0x48,0x40,0x80,0x00,0x59,0x38,0x91,0x29,0x4a,
  0x3b,0x92,0xe5,0x49,0x04,0x00,0xa4,0xc7,0xb8,0xb2,0xa3,0xc8,0x28,0x91,0x29,0x45,
  0x40,0x20,0x00,0x7f,0x32,0x7d,0xa7,0x80,0x40,0xff,0xe0,0x4d,0x12,0x7b,0x7a,0x92,
  0x0c,0x00,0x2e,0x4c,0x32,0x80,0x00,0x51,0x0c,0x00,0xee,0x58,0x0b,0x53,0x26,0xda,
  0x42,0x42,0xc8,0x66,0x4c,0x00,0x41,0xe2,0x40,0x80,0x1e,0x02,0x34,0x01,0x29,0x56,
  0x1c,0x0f,0x29,0x0a,0x00,0x20,0x00,0x00,0x40,0x80,0x04,0x85,0x38,0x80,0xa9,0x0b,
  0x0c,0x00,0x2c,0x54,0x3b,0x94,0xab,0x53,0x40,0x20,0x00,0x7f,0x3b,0x82,0x85,0x83,
  0x04,0x00,0x29,0x84,0x33,0x7b,0x71,0x80,0x1c,0x01,0x29,0xd0,0x12,0x7b,0x7d,0x8b,
  0x58,0x36,0x81,0x86,0x34,0x01,0x29,0x64,0x18,0x14,0x2e,0x65,0x3e,0xc0,0x29,0x08,
  0x0b,0x55,0x03,0x5d,0x40,0x80,0x01,0x84,0x18,0x20,0xed,0x54,0x3f,0xe0,0x29,0x03,
  0xbc,0x79,0x32,0x88,0x24,0x01,0x29,0x63,0x33,0x7b,0x78,0x00,0x12,0x7b,0x87,0x8a,
  0x1c,0xff,0xc1,0xd6,0x40,0x20,0x00,0x7f,0x4c,0x00,0x2b,0x4e,0x40,0x20,0x00,0x7f,
  0x40,0x20,0x00,0x7f,0x20,0x7f,0xe6,0xce,0x04,0x00,0x2b,0x83,0x20,0x00,0x01,0xe2,
  0x04,0x00,0x29,0x03,0x33,0x7b,0x82,0x80,0x0f,0x61,0x81,0x87,0x32,0x80,0x00,0x53,
  0x18,0x19,0x83,0xde,0x00,0x20,0x00,0x00,0x7e,0x00,0x29,0x83,0x12,0x7f,0xff,0x8c,
  0x56,0xc0,0x01,0x84,0x22,0x00,0x07,0x84,0x18,0x15,0x2a,0x54,0x14,0xe0,0x2a,0x0e,
  0x7e,0x00,0x07,0x0d,0x56,0xc0,0x06,0x85,0x22,0x00,0x05,0x05,0x7e,0x00,0x2a,0x10,
  0x56,0xc0,0x08,0x0f,0x23,0x00,0x01,0x8f,0x1c,0x40,0x29,0xd3,0x32,0x7f,0xf9,0x80,
  0x1c,0xff,0xed,0xdb,0x4c,0x00,0x2d,0x9c,0x21,0x7f,0xe4,0x1c,0x32,0x7d,0x86,0x80,
  0x04,0x00,0x29,0x03,0x00,0x20,0x00,0x00,0x40,0x80,0x01,0x84,0x33,0x7b,0x65,0x80,
  0x12,0x7b,0x65,0x0b,0x4c,0x00,0x01,0x8c,0x40,0x20,0x00,0x7f,0x20,0x00,0x13,0x0c,
  0x40,0x82,0x00,0x63,0x18,0x00,0xe8,0xe5,0x42,0x41,0x08,0x64,0x00,0x20,0x00,0x00,
  0x40,0x80,0x03,0x04,0x3f,0xe0,0x29,0x03,0x1c,0x00,0x68,0xd1,0x33,0x7b,0x5f,0x80,
  0x40,0x80,0x03,0x04,0x00,0x20,0x00,0x00,0x04,0x00,0x01,0xd0,0x3f,0xe0,0x29,0x03,
  0x0f,0x60,0xa8,0x50,0x33,0x7b,0x5c,0x80,0x7c,0x10,0x68,0xcf,0x12,0x7b,0x77,0x93,
  0x18,0x00,0xe9,0x98,0x3f,0xe0,0x2f,0x04,0x04,0x00,0x29,0x03,0x3f,0xe0,0x2b,0x05,
  0x1c,0x00,0x4c,0x17,0x0f,0x60,0x8c,0x16,0x18,0x05,0xee,0x94,0x18,0x19,0x28,0x09,
  0x48,0x18,0xca,0x15,0x18,0x05,0xb3,0x87,0x82,0x78,0xca,0x15,0x0f,0x60,0x89,0x91,
  0x48,0x16,0x49,0x92,0x8b,0x24,0xec,0x92,0x18,0x04,0x73,0x88,0x21,0x7f,0xc5,0xcf,
  0x38,0x99,0x28,0x1b,0x3b,0x82,0x4d,0x86,0x33,0x7b,0x6e,0x00,0x78,0x14,0x72,0x9a,
  0x20,0x7f,0xf0,0x1a,0x1c,0x10,0x29,0xd3,0x32,0x7f,0xe0,0x00,0x34,0x01,0x80,0xaf,
  0x3e,0xc1,0x00,0xb0,0x3e,0xc0,0x00,0xae,0xb5,0xab,0xc4,0x30,0xb5,0x8b,0x44,0xae,
  0x24,0x01,0x80,0xac,0x34,0x02,0x80,0xb4,0x3e,0xc1,0x00,0xb5,0x3e,0xc0,0x00,0xb3,
  0xb6,0x4d,0x04,0x35,0xb6,0x2c,0x84,0xb3,0x24,0x02,0x80,0xb1,0x12,0x7d,0x61,0x89,
  0x40,0x80,0x02,0x3a,0x34,0x03,0x80,0xb9,0x40,0x80,0x7f,0xb6,0x3e,0xc1,0x00,0xbb,
  0x3e,0xc0,0x00,0xb8,0xb6,0xee,0x5d,0x3b,0xb1,0x2d,0xdb,0x38,0x24,0x03,0x80,0x89,
  0x32,0x7d,0x5d,0x00,0x40,0x80,0x00,0x60,0x32,0x7c,0xcf,0x80,0x40,0x80,0x1e,0x3f,
  0x1c,0x0f,0x29,0x3e,0x38,0x8f,0xe9,0x3d,0x3b,0x8f,0x9e,0xd3,0x32,0x7c,0x2c,0x80,
  0x35,0x00,0x00,0x00,0x00,0x20,0x00,0x00,0x04,0x00,0x03,0x8f,0x3f,0xe0,0x02,0x12,
  0x1c,0xff,0x81,0x87,0x3f,0xe0,0x01,0x90,0x7c,0x00,0x07,0x91,0x4c,0xff,0xc3,0x8e,
  0x0c,0x00,0x08,0x8b,0x3f,0xe0,0x02,0x91,0x18,0x23,0x83,0x87,0x4c,0x40,0x02,0x85,
  0x4c,0x00,0x03,0x8d,0x0c,0x00,0x06,0x8c,0x40,0xff,0xff,0x8d,0x08,0x23,0x05,0x8a,
  0x7e,0x00,0x05,0x09,0x56,0xc0,0x04,0x88,0x7d,0x00,0x04,0x04,0x55,0xc0,0x02,0x03,
  0x08,0x20,0xc2,0x82,0x20,0x00,0x01,0x82,0x04,0x00,0x06,0x83,0x35,0x00,0x00,0x00,
  0x40,0x85,0x9a,0x17,0x12,0x00,0x07,0x92,0x40,0x8b,0xa0,0x13,0x79,0x85,0xc3,0x96,
  0x78,0xa5,0xc3,0x95,0x32,0x80,0x00,0x07,0x18,0x05,0x8a,0x94,0x18,0x04,0xca,0x04,
  0x40,0x20,0x00,0x7f,0x20,0x00,0x06,0x84,0x14,0x03,0xc7,0x82,0x3f,0xe0,0x07,0x85,
  0x21,0x00,0x35,0x02,0x14,0xfc,0x02,0x02,0x14,0x03,0xc2,0x03,0x20,0x00,0x02,0x82,
  0x1c,0xfc,0x01,0x02,0x24,0x00,0x02,0x87,0x1c,0x04,0x02,0x85,0x21,0x7f,0xfe,0x82,
  0x40,0x20,0x00,0x7f,0x21,0x00,0x38,0x03,0x78,0xa4,0x08,0xbe,0x34,0x5a,0xc7,0xc4,
  0x78,0xa4,0x48,0x3f,0x34,0x00,0xc7,0xc2,0x79,0x84,0x08,0xbd,0x3e,0xc0,0x07,0xc3,
  0x40,0x80,0x0a,0x35,0x3e,0xc1,0x07,0xb1,0x40,0x8b,0x5a,0x2e,0x3f,0xe0,0x07,0x89,
  0x40,0x80,0x1a,0x2c,0x38,0x8d,0x47,0xba,0x7c,0x00,0x09,0x39,0xb8,0x31,0x03,0x43,
  0x40,0x80,0x02,0x3b,0xb8,0x10,0x88,0x43,0x18,0x0f,0xdf,0x3c,0x40,0x85,0x38,0x34,
  0x18,0x0f,0x5e,0x38,0x24,0x5a,0xc7,0xc1,0x42,0x3b,0xfe,0x14,0x24,0x00,0xc7,0xc0,
  0x1c,0x1f,0xdc,0x37,0x38,0x8b,0x87,0xb2,0x86,0x04,0x5c,0x39,0x38,0x8b,0x07,0xaf,
  0x14,0xe0,0x1b,0xb3,0xb6,0xce,0x9d,0xb1,0x18,0x0d,0x07,0x91,0x4c,0x00,0x08,0x13,
  0x1c,0x04,0x07,0x8d,0xb0,0xcc,0x99,0xb1,0xb5,0xab,0xd8,0x31,0x28,0x8d,0x47,0xb6,
  0x28,0x8b,0x87,0x86,0x28,0x8b,0x07,0xad,0x34,0x00,0x04,0xc6,0x3e,0xc0,0x04,0xc7,
  0xb8,0xb1,0x8a,0x47,0x24,0x00,0x04,0xc5,0x40,0x20,0x00,0x7f,0x20,0x00,0x0a,0x93,
  0x1c,0x04,0x08,0x87,0x12,0x00,0x02,0x92,0x40,0x80,0x00,0x08,0x40,0x80,0x02,0x0c,
  0x40,0x80,0x7f,0x8b,0x40,0x85,0x9a,0x0a,0x40,0xff,0xfe,0x49,0x34,0x00,0x03,0xce,
  0x1c,0x00,0x44,0x08,0x3e,0xc0,0x03,0xcf,0x3e,0xc3,0x03,0xcc,0x78,0x02,0x08,0x48,
  0xb9,0xb3,0x86,0x4f,0x24,0x00,0x03,0xcd,0x38,0x92,0x43,0xcb,0xb9,0x52,0xc5,0xcc,
  0x40,0x20,0x00,0x7f,0x28,0x92,0x43,0xca,0x18,0x02,0x83,0x87,0x20,0x7f,0xf9,0xc8,
  0x1c,0x01,0x04,0x89,0x1c,0x10,0x08,0x91,0x78,0x03,0x44,0x82,0x20,0x7f,0xf1,0x82,
  0x40,0x80,0x0c,0x15,0x34,0x00,0x07,0x8d,0x40,0x80,0x04,0x1b,0x3e,0xe2,0x07,0x8b,
  0x40,0x85,0xbe,0x07,0x38,0x85,0x47,0x99,0x1c,0x02,0x07,0x98,0x38,0x86,0xc7,0x97,
  0x40,0x80,0x14,0x10,0x38,0x81,0xc7,0x94,0x3e,0xc3,0x07,0x8a,0x3b,0x83,0xc6,0x9a,
  0x40,0x80,0x00,0x0d,0x12,0x7f,0xcc,0x90,0x3e,0xe0,0x07,0x8c,0x3b,0x86,0x0b,0x91,
  0xb2,0xc6,0x4d,0x0b,0xb2,0x65,0x09,0x0a,0x28,0x85,0x47,0x96,0x34,0x00,0x87,0x8e,
  0x34,0x00,0x47,0x88,0x28,0x81,0xc7,0x93,0xb0,0x83,0x88,0x8c,0x3b,0x83,0xc4,0x03,
  0x24,0x00,0x87,0x84,0x38,0x84,0x07,0x85,0xb2,0x41,0x41,0x8b,0x28,0x84,0x07,0x92,
  0x40,0x20,0x00,0x7f,0x32,0x7f,0xc4,0x80,0x18,0x00,0x82,0x08,0x12,0x7f,0xcf,0x8d,
  0x0c,0x04,0x01,0x05,0x32,0xff,0xff,0x8a,0x5c,0x03,0xc4,0x1d,0x3b,0xe1,0x45,0x09,
  0x40,0x20,0x00,0x7f,0x21,0x00,0x09,0x9d,0x0c,0x00,0x04,0x22,0x34,0x00,0x07,0x9f,
  0x3b,0xa8,0x85,0x21,0x08,0x28,0x44,0xa0,0x18,0x28,0x0f,0x9e,0x24,0x00,0x07,0x9e,
  0x32,0x7f,0xc9,0x00,0x12,0x7f,0xc8,0x8a,0x40,0xff,0xff,0x9b,0x34,0x00,0x02,0x99,
  0x0c,0x00,0x01,0x9c,0x40,0x20,0x00,0x7f,0x40,0x20,0x00,0x7f,0x3b,0xa7,0x0d,0x9a,
  0x18,0x26,0x8c,0x98,0x24,0x00,0x02,0x98,0x40,0x20,0x00,0x7f,0x32,0x7f,0xc3,0x80,
  0x08,0x01,0x02,0x84,0x12,0x00,0x03,0x8b,0x18,0x01,0x47,0x85,0x34,0x00,0x07,0xa5,
  0x5c,0x03,0xc2,0x23,0x18,0x22,0x52,0xa4,0x24,0x00,0x07,0xa4,0x20,0x00,0x03,0x23,
  0x1c,0xfc,0x02,0x04,0x24,0x00,0x02,0x87,0x1c,0x04,0x02,0x85,0x5c,0x03,0xc2,0x26,
  0x21,0x7f,0xfe,0x26,0x20,0x7f,0xbc,0x84,0x40,0x20,0x00,0x7f,0x12,0x7f,0xbb,0x89,
  0x40,0xff,0xff,0xaa,0x34,0x00,0x02,0xa8,0x0c,0x00,0x02,0x2b,0x40,0x20,0x00,0x7f,
  0x40,0x20,0x00,0x7f,0x3b,0xaa,0xd5,0x29,0x18,0x2a,0x54,0x27,0x24,0x00,0x02,0xa7,
  0x32,0x7f,0xb7,0x00,0x00,0x20,0x00,0x00,0x33,0x7a,0x21,0x00,0x33,0x00,0x00,0x80,
  0x40,0x80,0x00,0x03,0x30,0x85,0xf6,0x07,0x24,0x00,0x40,0x80,0x24,0xff,0x80,0x81,
  0x1c,0xf8,0x00,0x81,0x3f,0x82,0x03,0x86,0x1c,0x31,0x03,0x02,0x34,0x00,0x01,0x05,
  0x3b,0x80,0x82,0x84,0x35,0x20,0x02,0x00,0x40,0x80,0x00,0x0d,0x12,0x00,0x8a,0x1c,
  0x7c,0x00,0x02,0x0a,0x24,0xff,0x80,0xd1,0x04,0x00,0x01,0xd1,0x24,0xff,0x00,0xd3,
  0x0c,0x00,0x05,0x09,0x3f,0xe0,0x02,0x53,0x78,0x03,0x68,0x8c,0x24,0xfe,0x80,0xd5,
  0x04,0x00,0x03,0x55,0x24,0xfe,0x40,0xd6,0x04,0x00,0x02,0xd6,0x36,0x00,0x06,0x0b,
  0x24,0x00,0x40,0x80,0x24,0xff,0xc0,0xd0,0x24,0xff,0x40,0xd2,0x4c,0x02,0xc5,0x88,
  0x24,0xfe,0xc0,0xd4,0x0c,0x00,0x04,0x07,0x41,0x40,0x20,0x88,0x24,0xfe,0x00,0xd7,
  0x08,0x22,0x43,0x84,0x24,0xfd,0xc0,0xfe,0x60,0x84,0x88,0x88,0x24,0xfd,0x40,0x81,
  0x7e,0x00,0x02,0x03,0x1c,0xd4,0x00,0x81,0x56,0xc0,0x01,0x82,0x22,0x00,0x7c,0x02,
  0x14,0x03,0xe9,0x92,0x12,0x00,0x7b,0x0a,0x41,0x40,0x20,0x88,0x3f,0xe1,0x28,0xd2,
  0x7c,0x00,0x09,0x11,0x60,0x84,0x88,0x08,0x09,0x24,0x48,0x8e,0x14,0x1f,0xe9,0x10,
  0x7c,0x00,0x08,0x0f,0x09,0x23,0xc7,0x86,0x08,0x23,0x83,0x05,0x21,0x00,0x76,0x05,
  0x41,0x40,0x20,0x88,0x14,0xf8,0x2b,0x13,0x60,0x84,0x81,0x08,0x21,0x00,0x74,0x13,
  0x20,0x00,0x02,0xd5,0x33,0x02,0x4f,0x80,0x12,0x00,0x06,0x0a,0x04,0x00,0x01,0x88,
  0x21,0x00,0x71,0x83,0x30,0x85,0xf6,0x17,0x04,0x00,0x28,0xd4,0x32,0x80,0x00,0x0f,
  0x3f,0x82,0x0b,0x96,0x1c,0x35,0x0b,0x15,0x34,0x00,0x0a,0x94,0x3b,0x85,0x4a,0x57,
  0x32,0x00,0x01,0x00,0x40,0x80,0x00,0x8f,0x40,0x80,0x40,0x1d,0x3f,0xe0,0x2a,0x1f,
  0x04,0x00,0x29,0x1e,0x32,0x80,0x00,0x1c,0x40,0x80,0x68,0x1b,0x21,0xa0,0x08,0x1d,
  0x21,0xa0,0x08,0x9f,0x21,0xa0,0x09,0x1e,0x21,0xa0,0x09,0x9d,0x21,0xa0,0x0a,0x1c,
  0x21,0xa0,0x0a,0x9b,0x01,0xa0,0x0d,0x82,0x00,0x60,0x00,0x00,0x30,0x80,0x12,0x1a,
  0x3f,0x83,0x0d,0x19,0x7c,0x00,0x8c,0x98,0x21,0x00,0x60,0x98,0x30,0x80,0x10,0x49,
  0x7c,0x00,0x2a,0xca,0x30,0x80,0x16,0x48,0x40,0x80,0x00,0x21,0x12,0x00,0x27,0x31,
  0x0c,0x00,0x25,0x0a,0x40,0x80,0x00,0xa3,0x4c,0xff,0xe4,0xc6,0x3f,0x81,0x24,0x8c,
  0x09,0x32,0x64,0xc5,0x3f,0x83,0x24,0xa6,0x3f,0x83,0x64,0x38,0x88,0x52,0x62,0xc6,
  0x4c,0xff,0xc6,0x43,0x09,0x23,0x06,0x44,0x08,0x10,0x93,0x40,0x81,0x63,0x22,0x43,
  0x4c,0xff,0xc6,0x3b,0x48,0x02,0xe1,0x3f,0x18,0x09,0x85,0xc1,0x08,0x02,0xe1,0x3e,
  0x08,0x10,0x60,0x3c,0x7c,0x00,0x1f,0xbd,0x09,0x2e,0xdd,0xba,0x85,0xaf,0x9e,0x3d,
  0x0c,0x00,0x1d,0x37,0x78,0x09,0x96,0xb9,0x7e,0x00,0x1c,0x35,0x0c,0x00,0x1c,0xb6,
  0x56,0xc0,0x1a,0xb3,0x08,0x2d,0xdb,0x34,0x7d,0x00,0x19,0xb1,0x7e,0x00,0x1a,0x32,
  0x09,0x2c,0x58,0xaf,0x56,0xc0,0x19,0x30,0x55,0xc0,0x17,0xac,0x7d,0x00,0x18,0x2e,
  0x78,0x09,0x96,0xaa,0x55,0xc0,0x17,0x2b,0x0c,0x00,0x15,0x28,0x58,0x2a,0xd6,0x29,
  0x48,0x02,0xd3,0x24,0x7d,0x00,0x14,0xa7,0x08,0x02,0xd3,0x25,0x36,0x80,0x13,0xa2,
  0x18,0x2a,0x05,0x20,0x81,0xa2,0xd2,0xa4,0x81,0xc8,0xd0,0xa2,0x21,0x00,0x4b,0x20,
  0x0c,0x00,0x07,0x4d,0x0c,0x00,0x26,0xcc,0x18,0x33,0x05,0x4b,0x21,0x00,0x47,0xcb,
  0x20,0x00,0x0e,0x8f,0x30,0x80,0x16,0x1c,0x40,0x80,0x00,0x02,0x30,0x80,0x1a,0x07,
  0x40,0x80,0x00,0x10,0x12,0x00,0x17,0x17,0x3e,0x80,0x00,0x88,0x3f,0x83,0x4e,0x17,
  0x3f,0x83,0x43,0x95,0x3f,0xe0,0x4e,0x06,0x3f,0xe0,0x43,0xd0,0x7e,0x00,0x0b,0x9b,
  0x7e,0x00,0x0a,0x9a,0x56,0xc0,0x0d,0x99,0x56,0xc0,0x0d,0x18,0x7d,0x00,0x0c,0x96,
  0x7d,0x00,0x0c,0x14,0x14,0x3f,0xcb,0x93,0x14,0x3f,0xca,0x92,0x36,0x80,0x0b,0x11,
  0x1c,0xff,0xc9,0x84,0x36,0x80,0x0a,0x0a,0x1c,0xff,0xc9,0x05,0x80,0x61,0x08,0x11,
  0x89,0xe1,0x41,0x0a,0xb9,0xc1,0x81,0x88,0xb0,0x54,0x27,0x88,0x20,0x80,0x16,0x4e,
  0x32,0x00,0x0b,0x80,0x20,0x00,0x0b,0x8e,0x30,0x80,0x16,0x07,0x3f,0x83,0x43,0x84,
  0x5e,0x03,0x82,0x1e,0x56,0xc0,0x0f,0x1d,0x23,0x00,0x37,0x9d,0x30,0x80,0x1a,0x27,
  0x1d,0x00,0x42,0x2c,0x30,0x80,0x3a,0x2a,0x3e,0x80,0x00,0xa8,0x14,0x3f,0xd6,0x2b,
  0x3a,0x8a,0xc0,0xa5,0x3f,0x83,0x53,0xa9,0xb4,0x81,0xd6,0x28,0x3f,0x83,0x15,0x1f,
  0x1d,0x00,0x54,0xa6,0xb4,0x49,0x2b,0xa5,0x14,0x3f,0xd3,0x23,0xb4,0x09,0xd3,0x28,
  0x3a,0x88,0xc0,0xa1,0x20,0x80,0x16,0x22,0xb0,0x48,0x0f,0xa1,0x20,0x80,0x1a,0x02,
  0x7c,0x00,0x07,0x3d,0x12,0x00,0x1d,0x20,0x0c,0x00,0x07,0xbc,0x30,0x80,0x10,0x32,
  0x0c,0x00,0x1e,0x86,0x3e,0xc1,0x00,0xb4,0x0c,0x00,0x1e,0x3b,0x09,0x22,0xc5,0xb6,
  0x08,0x21,0x9d,0xba,0x7e,0x00,0x1d,0x39,0x56,0xc0,0x1c,0xb8,0x7d,0x00,0x1c,0x37,
  0x36,0x80,0x1b,0xb5,0x86,0x6d,0x86,0x35,0xb6,0x2c,0x99,0xb4,0x20,0x80,0x10,0x31,
  0x00,0x60,0x00,0x00,0x40,0x80,0x40,0x2e,0x40,0x80,0x00,0x2d,0x04,0x00,0x2a,0x30,
  0x04,0x00,0x29,0x2f,0x21,0xa0,0x08,0x2e,0x40,0x80,0x5a,0x0e,0x21,0xa0,0x08,0xb0,
  0x21,0xa0,0x09,0x2f,0x21,0xa0,0x09,0xae,0x21,0xa0,0x0a,0x2d,0x21,0xa0,0x0a,0x8e,
  0x01,0xa0,0x0d,0x8b,0x21,0x7f,0xb4,0x8b,0x0c,0x00,0x07,0xbf,0x0c,0x00,0x1f,0xbe,
  0x08,0x21,0x9f,0x0f,0x21,0x00,0x0d,0x0f,0x33,0x01,0xfb,0x00,0x04,0x00,0x01,0x84,
  0x21,0x00,0x0a,0x83,0x32,0x80,0x80,0xca,0x40,0x80,0x01,0x03,0x30,0x85,0xf6,0x0c,
  0x30,0x85,0xfa,0x46,0x3e,0xe2,0x00,0xd0,0x16,0x01,0x25,0x49,0x08,0x32,0x68,0xc7,
  0x3f,0x82,0x06,0x48,0xb8,0xb1,0xa3,0xd0,0x1c,0x31,0x24,0x44,0x20,0x85,0xfa,0x45,
  0x34,0x00,0x22,0x43,0x3b,0x91,0x21,0xc2,0x35,0x20,0x21,0x00,0x30,0x85,0xfa,0x40,
  0x40,0x80,0x00,0x41,0x3f,0xe0,0x01,0x84,0xb1,0xb0,0x20,0xd0,0x20,0x85,0xfa,0x0d,
  0x20,0x7f,0xa6,0x83,0x04,0x00,0x02,0x08,0x32,0x00,0x12,0x80,0x30,0x80,0x10,0x0a,
  0x04,0x00,0x29,0x88,0x30,0x80,0x12,0x57,0x04,0x00,0x2b,0x52,0x33,0x85,0x20,0xcd,
  0x40,0x80,0x10,0x51,0x12,0x00,0x0f,0x15,0x21,0xa0,0x08,0x08,0x40,0x80,0x00,0x08,
  0x3f,0x82,0x05,0x53,0x78,0xb4,0xc6,0x83,0x78,0xa3,0x69,0x82,0x79,0x94,0xc6,0x86,
  0x18,0x00,0x81,0x89,0x18,0x01,0x84,0xcf,0x3f,0xbf,0x27,0xce,0x54,0xc0,0x27,0x4b,
  0x18,0x52,0xeb,0xcc,0xba,0xd3,0x26,0x4d,0x68,0x12,0xeb,0xd6,0x3f,0xe1,0x2b,0x54,
  0x04,0x00,0x2b,0x55,0x21,0xa0,0x08,0xd5,0x21,0xa0,0x09,0x54,0x21,0xa0,0x09,0xd3,
  0x21,0xa0,0x0a,0x52,0x21,0xa0,0x0a,0xd1,0x32,0x00,0x04,0x80,0x41,0x40,0x20,0x88,
  0x60,0x84,0x84,0x88,0x32,0x00,0x03,0x00,0x41,0x40,0x20,0x88,0x60,0x84,0x85,0x08,
  0x32,0x00,0x01,0x80,0x41,0x40,0x20,0x88,0x60,0x84,0x80,0x88,0x34,0x03,0x00,0x80,
  0x1c,0x2c,0x00,0x81,0x3f,0xe0,0x04,0x03,0x34,0xff,0xc0,0xd0,0x35,0x80,0x00,0x09,
  0x34,0xff,0x80,0xd1,0x34,0xff,0x40,0xd2,0x34,0xff,0x00,0xd3,0x34,0xfe,0xc0,0xd4,
  0x34,0xfe,0x80,0xd5,0x34,0xfe,0x40,0xd6,0x34,0xfe,0x00,0xd7,0x34,0xfd,0xc0,0xfe,
  0x35,0x00,0x00,0x00,0x00,0x20,0x00,0x00,0x04,0x00,0x01,0x86,0x12,0x00,0x6a,0x92,
  0x40,0x80,0x00,0x08,0x24,0x00,0x40,0x80,0x41,0x40,0x20,0x83,0x24,0xff,0xc0,0xd0,
  0x78,0x02,0x03,0x07,0x24,0xff,0x80,0xd1,0x60,0x84,0x88,0x83,0x24,0xff,0x40,0xd2,
  0x36,0x00,0x03,0x85,0x24,0xff,0x00,0xd3,0x24,0xfe,0xc0,0xd4,0x24,0xfe,0x80,0xd5,
  0x4c,0x02,0xc2,0x82,0x24,0xfe,0x40,0xd6,0x24,0xfe,0x00,0xfe,0x24,0xfd,0x80,0x81,
  0x1c,0xd8,0x00,0x81,0x21,0x00,0x61,0x82,0x41,0x40,0x20,0x83,0x3f,0xe1,0x03,0x05,
  0x60,0x84,0x88,0x03,0x14,0x1f,0xc2,0x89,0x21,0x00,0x5f,0x09,0x41,0x40,0x20,0x83,
  0x14,0xf8,0x02,0x0a,0x60,0x84,0x81,0x03,0x21,0x00,0x5d,0x0a,0x40,0x80,0x00,0x8c,
  0x40,0x80,0x01,0x03,0x3f,0xe0,0x02,0x93,0x0b,0x61,0x06,0x0b,0x32,0x80,0x00,0x15,
  0x40,0x80,0x40,0x11,0x3f,0xe0,0x03,0x12,0x40,0x80,0x68,0x18,0x40,0x80,0x5a,0x17,
  0x21,0xa0,0x0b,0x0b,0x21,0xa0,0x0b,0x83,0x01,0xa0,0x0c,0x02,0x21,0xa0,0x08,0x11,
  0x21,0xa0,0x08,0x92,0x21,0xa0,0x09,0x13,0x21,0xa0,0x09,0x91,0x21,0xa0,0x0a,0x15,
  0x21,0xa0,0x0a,0x98,0x01,0xa0,0x0d,0x82,0x00,0x60,0x00,0x00,0x30,0x80,0x12,0x0d,
  0x3e,0xc0,0x00,0x94,0x3e,0xc1,0x00,0x96,0x3f,0x83,0x06,0x86,0x7c,0x00,0x83,0x04,
  0x21,0x00,0x4d,0x84,0x30,0x80,0x10,0x51,0x40,0x80,0x00,0x39,0x30,0x80,0x14,0x54,
  0x40,0x80,0x00,0x2d,0x30,0x80,0x16,0x4f,0x40,0x80,0x00,0x10,0x30,0x80,0x12,0x4e,
  0x4c,0xff,0xe8,0xd3,0x3f,0x81,0x28,0xcc,0x09,0x34,0x68,0xd2,0x3f,0x83,0x6a,0x4d,
  0x09,0x34,0xe9,0xca,0x3f,0x83,0x28,0xb1,0x88,0x94,0x69,0x53,0x3f,0x83,0x67,0xc5,
  0x09,0x33,0x26,0x33,0x3f,0x82,0x27,0x42,0x7e,0x00,0x26,0xcb,0x48,0x0c,0xe2,0x47,
  0x56,0xc0,0x25,0xc6,0x18,0x0c,0x59,0xc9,0x08,0x11,0x18,0xc8,0x0c,0x00,0x25,0x3a,
  0x08,0x12,0x64,0x41,0x7c,0x00,0x23,0xc0,0x7d,0x00,0x23,0x43,0x7e,0x00,0x22,0xbe,
  0x08,0x0c,0xe2,0x3f,0x36,0x80,0x21,0xb7,0x7c,0xff,0xe1,0x3d,0x84,0x2f,0xe0,0xc0,
  0x44,0x00,0x5d,0x3c,0x56,0xc0,0x1f,0x3b,0x0c,0x00,0x1e,0xb5,0x14,0x3f,0xde,0x38,
  0x1c,0x00,0x50,0xb2,0x7d,0x00,0x1d,0xb6,0x44,0x00,0x5d,0x34,0x1c,0x00,0x59,0xa6,
  0x8a,0x6e,0x1c,0xb7,0x36,0x80,0x1b,0x2b,0x08,0x2d,0x1a,0xb0,0x48,0x0c,0x98,0xaf,
  0x18,0x0c,0x58,0xae,0x09,0x31,0x22,0x2a,0x7e,0x00,0x18,0x25,0x0c,0x00,0x17,0xac,
  0x48,0x09,0x97,0x27,0x7c,0x00,0x29,0xa9,0x18,0x29,0x93,0x9d,0x8a,0xab,0x16,0xab,
  0x84,0x94,0x55,0x29,0x56,0xc0,0x12,0xa2,0x09,0x27,0x4e,0x9f,0xb3,0x74,0x52,0x14,
  0x7d,0x00,0x11,0x20,0x7c,0x00,0x2a,0x9e,0x7c,0x00,0x10,0x9c,0x36,0x80,0x10,0x14,
  0x83,0x47,0x4f,0x9e,0x0c,0x00,0x0e,0x19,0xb1,0xe6,0xcd,0x16,0x80,0xc4,0x0c,0x94,
  0x20,0x80,0x10,0x0f,0x00,0x60,0x00,0x00,0x21,0xa0,0x08,0x11,0x21,0xa0,0x08,0x92,
  0x21,0xa0,0x09,0x13,0x21,0xa0,0x09,0x91,0x21,0xa0,0x0a,0x15,0x21,0xa0,0x0a,0x97,
  0x01,0xa0,0x0d,0x8e,0x21,0x7f,0xd5,0x0e,0x12,0x00,0x08,0x0a,0x30,0x80,0x14,0x16,
  0x30,0x80,0x16,0x15,0x30,0x80,0x18,0x13,0x30,0x80,0x1a,0x11,0x30,0x80,0x1c,0x50,
  0x3f,0x83,0x8b,0x52,0x3f,0x83,0x8a,0xd6,0x3f,0x83,0x89,0xd1,0x3f,0x83,0x88,0xd4,
  0x20,0x00,0x03,0x06,0x30,0x80,0x12,0x17,0x40,0x80,0x00,0x04,0x32,0x80,0x00,0x05,
  0x3f,0x82,0x0b,0x83,0x33,0x01,0xfb,0x80,0x20,0x00,0x0f,0xd3,0x40,0x80,0x00,0x07,
  0x04,0x00,0x28,0x03,0x78,0x01,0xe8,0x05,0x36,0x00,0x02,0x82,0x4c,0x02,0xc1,0x18,
  0x20,0x00,0x03,0x98,0x14,0x3f,0xe8,0x83,0x5c,0x07,0xc1,0x8a,0x09,0x22,0x85,0x09,
  0x0c,0x00,0x04,0x88,0x7f,0x00,0x04,0x00,0x33,0x01,0x30,0x00,0x14,0x3f,0xe9,0x04,
  0x33,0x01,0x4c,0x00,0x41,0x40,0x20,0x90,0x04,0x00,0x01,0x84,0x04,0x00,0x08,0x0f,
  0x60,0x84,0x81,0x10,0x60,0x84,0x87,0x8f,0x78,0x04,0x01,0x8e,0x78,0x03,0xc1,0x8d,
  0x0c,0x00,0x07,0x0c,0x0c,0x00,0x06,0x86,0x08,0x21,0x86,0x0b,0x7e,0x00,0x05,0x83,
  0x56,0xc0,0x01,0x92,0x22,0x00,0x14,0x92,0x7c,0x00,0x02,0x14,0x0c,0x00,0x0a,0x04,
  0x7f,0x00,0x02,0x00,0x40,0x80,0x00,0x03,0x20,0x00,0x13,0x55,0x40,0x80,0x00,0x1b,
  0x04,0x00,0x28,0x03,0x78,0x06,0xe8,0x1a,0x36,0x00,0x0d,0x19,0x4c,0x02,0xcc,0xd5,
  0x20,0x00,0x03,0xd5,0x14,0x3f,0xea,0x03,0x5c,0x07,0xc1,0x9e,0x09,0x27,0x8f,0x1d,
  0x0c,0x00,0x0e,0x9c,0x7f,0x00,0x0e,0x00,0x33,0x01,0x20,0x00,0x14,0x3f,0xeb,0x04,
  0x33,0x01,0x3c,0x00,0x12,0x00,0x0b,0x91,0x41,0x40,0x20,0xa6,0x04,0x00,0x13,0x25,
  0x60,0x84,0x81,0x26,0x60,0x84,0x87,0xa5,0x78,0x09,0x81,0xa4,0x78,0x09,0x41,0xa3,
  0x0c,0x00,0x12,0x21,0x0c,0x00,0x11,0xa2,0x08,0x28,0x90,0xa0,0x7e,0x00,0x10,0x1f,
  0x56,0xc0,0x0f,0xd6,0x22,0x00,0x04,0xd6,0x7c,0x00,0x01,0xa8,0x0c,0x00,0x14,0x27,
  0x7f,0x00,0x13,0x80,0x40,0x80,0x00,0x03,0x32,0x00,0x03,0x00,0x41,0x40,0x20,0x83,
  0x60,0x84,0x84,0x83,0x32,0x00,0x01,0x80,0x41,0x40,0x20,0x83,0x60,0x84,0x8a,0x03,
  0x34,0x02,0xc0,0x80,0x1c,0x28,0x00,0x81,0x35,0x80,0x00,0x09,0x34,0xff,0xc0,0xd0,
  0x34,0xff,0x80,0xd1,0x34,0xff,0x40,0xd2,0x34,0xff,0x00,0xd3,0x34,0xfe,0xc0,0xd4,
  0x34,0xfe,0x80,0xd5,0x34,0xfe,0x40,0xd6,0x34,0xfe,0x00,0xfe,0x35,0x00,0x00,0x00,
  0x40,0x80,0x00,0x0d,0x12,0x00,0x8a,0x1c,0x7c,0x00,0x02,0x0a,0x24,0xff,0x80,0xd1,
  0x04,0x00,0x01,0xd1,0x24,0xff,0x00,0xd3,0x0c,0x00,0x05,0x09,0x3f,0xe0,0x02,0x53,
  0x78,0x03,0x68,0x8c,0x24,0xfe,0x80,0xd5,0x04,0x00,0x03,0x55,0x24,0xfe,0x40,0xd6,
  0x04,0x00,0x02,0xd6,0x36,0x00,0x06,0x0b,0x24,0x00,0x40,0x80,0x24,0xff,0xc0,0xd0,
  0x24,0xff,0x40,0xd2,0x4c,0x02,0xc5,0x88,0x24,0xfe,0xc0,0xd4,0x0c,0x00,0x04,0x07,
  0x41,0x40,0x20,0x88,0x24,0xfe,0x00,0xd7,0x08,0x22,0x43,0x84,0x24,0xfd,0xc0,0xfe,
  0x60,0x84,0x88,0x88,0x24,0xfd,0x40,0x81,0x7e,0x00,0x02,0x03,0x1c,0xd4,0x00,0x81,
  0x56,0xc0,0x01,0x82,0x22,0x00,0x7c,0x02,0x14,0x03,0xe9,0x92,0x12,0x00,0x7b,0x0a,
  0x41,0x40,0x20,0x88,0x3f,0xe1,0x28,0xd2,0x7c,0x00,0x09,0x11,0x60,0x84,0x88,0x08,
  0x09,0x24,0x48,0x8e,0x14,0x1f,0xe9,0x10,0x7c,0x00,0x08,0x0f,0x09,0x23,0xc7,0x86,
  0x08,0x23,0x83,0x05,0x21,0x00,0x76,0x05,0x41,0x40,0x20,0x88,0x14,0xf8,0x2b,0x13,
  0x60,0x84,0x81,0x08,0x21,0x00,0x74,0x13,0x20,0x00,0x02,0xd5,0x33,0x01,0x4c,0x80,
  0x12,0x00,0x06,0x0a,0x04,0x00,0x01,0x88,0x21,0x00,0x71,0x83,0x30,0x85,0xf6,0x17,
  0x04,0x00,0x28,0xd4,0x32,0x80,0x00,0x0f,0x3f,0x82,0x0b,0x96,0x1c,0x35,0x0b,0x15,
  0x34,0x00,0x0a,0x94,0x3b,0x85,0x4a,0x57,0x32,0x00,0x01,0x00,0x40,0x80,0x00,0x8f,
  0x40,0x80,0x40,0x1d,0x3f,0xe0,0x2a,0x1f,0x04,0x00,0x29,0x1e,0x32,0x80,0x00,0x1c,
  0x40,0x80,0x68,0x1b,0x21,0xa0,0x08,0x1d,0x21,0xa0,0x08,0x9f,0x21,0xa0,0x09,0x1e,
  0x21,0xa0,0x09,0x9d,0x21,0xa0,0x0a,0x1c,0x21,0xa0,0x0a,0x9b,0x01,0xa0,0x0d,0x82,
  0x00,0x60,0x00,0x00,0x30,0x80,0x12,0x1a,0x3f,0x83,0x0d,0x19,0x7c,0x00,0x4c,0x98,
  0x21,0x00,0x60,0x98,0x30,0x80,0x10,0x49,0x7c,0x00,0x2a,0xca,0x30,0x80,0x14,0x48,
  0x40,0x80,0x00,0x21,0x12,0x00,0x27,0x31,0x0c,0x00,0x25,0x0a,0x40,0x80,0x00,0xa3,
  0x4c,0xff,0xe4,0xbf,0x3f,0x81,0x24,0xc6,0x09,0x32,0x64,0xc7,0x3f,0x83,0x24,0xa6,
  0x09,0x2f,0xdf,0xba,0x3f,0x83,0x64,0x38,0x81,0x72,0x63,0xbf,0x3f,0xe0,0x24,0x8c,
  0x4c,0xff,0xe3,0x45,0x09,0x31,0xa3,0x44,0x08,0x02,0xd3,0x41,0x88,0x71,0xa2,0x45,
  0x0c,0x00,0x1d,0x37,0x48,0x10,0xc5,0xc0,0x18,0x09,0xa1,0xc2,0x08,0x10,0xc5,0xbe,
  0x08,0x10,0xa0,0xbc,0x7c,0x00,0x20,0x3d,0x7e,0x00,0x1c,0x35,0x85,0xaf,0x9e,0x3d,
  0x56,0xc0,0x1a,0xb3,0x7c,0x00,0x16,0xb9,0x7d,0x00,0x19,0xb1,0x0c,0x00,0x1c,0xb6,
  0x09,0x2c,0x58,0xaf,0x08,0x2d,0xdb,0x34,0x55,0xc0,0x17,0xac,0x7e,0x00,0x1a,0x32,
  0x7c,0x00,0x16,0xaa,0x56,0xc0,0x19,0x30,0x0c,0x00,0x15,0x28,0x7d,0x00,0x18,0x2e,
  0x08,0x02,0xd3,0x25,0x55,0xc0,0x17,0x2b,0x48,0x02,0xd3,0x24,0x58,0x2a,0xd6,0x29,
  0x18,0x2a,0x05,0x20,0x7d,0x00,0x14,0xa7,0x81,0xa2,0xd2,0xa4,0x36,0x80,0x13,0xa2,
  0x81,0xc8,0xd0,0xa2,0x21,0x00,0x4b,0x20,0x0c,0x00,0x07,0x4d,0x0c,0x00,0x26,0xcc,
  0x18,0x33,0x05,0x4b,0x21,0x00,0x47,0xcb,0x20,0x00,0x0e,0x8f,0x30,0x80,0x14,0x1c,
  0x40,0x80,0x00,0x02,0x30,0x80,0x18,0x07,0x40,0x80,0x00,0x10,0x12,0x00,0x17,0x17,
  0x3e,0x80,0x00,0x88,0x3f,0x83,0x4e,0x17,0x3f,0x83,0x43,0x95,0x3f,0xe0,0x4e,0x06,
  0x3f,0xe0,0x43,0xd0,0x7e,0x00,0x0b,0x9b,0x7e,0x00,0x0a,0x9a,0x56,0xc0,0x0d,0x99,
  0x56,0xc0,0x0d,0x18,0x7d,0x00,0x0c,0x96,0x7d,0x00,0x0c,0x14,0x14,0x3f,0xcb,0x93,
  0x14,0x3f,0xca,0x92,0x36,0x80,0x0b,0x11,0x1c,0xff,0xc9,0x84,0x36,0x80,0x0a,0x0a,
  0x1c,0xff,0xc9,0x05,0x80,0x61,0x08,0x11,0x89,0xe1,0x41,0x0a,0xb9,0xc1,0x81,0x88,
  0xb0,0x54,0x27,0x88,0x20,0x80,0x14,0x4e,0x32,0x00,0x0b,0x80,0x20,0x00,0x0b,0x8e,
  0x30,0x80,0x14,0x07,0x3f,0x83,0x43,0x84,0x5e,0x03,0x82,0x1e,0x56,0xc0,0x0f,0x1d,
  0x23,0x00,0x37,0x9d,0x30,0x80,0x18,0x27,0x1d,0x00,0x42,0x2c,0x30,0x80,0x3a,0x2a,
  0x3e,0x80,0x00,0xa8,0x14,0x3f,0xd6,0x2b,0x3a,0x8a,0xc0,0xa5,0x3f,0x83,0x53,0xa9,
  0xb4,0x81,0xd6,0x28,0x3f,0x83,0x15,0x1f,0x1d,0x00,0x54,0xa6,0xb4,0x49,0x2b,0xa5,
  0x14,0x3f,0xd3,0x23,0xb4,0x09,0xd3,0x28,0x3a,0x88,0xc0,0xa1,0x20,0x80,0x14,0x22,
  0xb0,0x48,0x0f,0xa1,0x20,0x80,0x18,0x02,0x7c,0x00,0x07,0x3c,0x12,0x00,0x1d,0x20,
  0x0c,0x00,0x07,0xbb,0x30,0x80,0x10,0x31,0x0c,0x00,0x1e,0x06,0x3e,0xc0,0x00,0xb3,
  0x0c,0x00,0x1d,0xba,0x09,0x22,0xc5,0xb5,0x08,0x21,0x9d,0x39,0x7e,0x00,0x1c,0xb8,
  0x56,0xc0,0x1c,0x37,0x7d,0x00,0x1b,0xb6,0x36,0x80,0x1b,0x34,0x86,0x4d,0x46,0x34,
  0xb6,0x0c,0x59,0x33,0x20,0x80,0x10,0x30,0x00,0x60,0x00,0x00,0x40,0x80,0x40,0x2d,
  0x40,0x80,0x00,0x0e,0x04,0x00,0x2a,0x2f,0x04,0x00,0x29,0x2e,0x21,0xa0,0x08,0x2d,
  0x40,0x80,0x5a,0x0c,0x21,0xa0,0x08,0xaf,0x21,0xa0,0x09,0x2e,0x21,0xa0,0x09,0xad,
  0x21,0xa0,0x0a,0x0e,0x21,0xa0,0x0a,0x8c,0x01,0xa0,0x0d,0x8b,0x21,0x7f,0xb4,0x8b,
  0x0c,0x00,0x07,0xbe,0x0c,0x00,0x1f,0x3d,0x08,0x21,0x9e,0x8f,0x21,0x00,0x0d,0x0f,
  0x33,0x00,0xf8,0x00,0x04,0x00,0x01,0x84,0x21,0x00,0x0a,0x83,0x32,0x80,0x80,0xca,
  0x40,0x80,0x01,0x03,0x30,0x85,0xf6,0x49,0x30,0x85,0xfa,0x45,0x3e,0xe2,0x00,0xd0,
  0x16,0x01,0x25,0x48,0x08,0x32,0x28,0xc6,0x3f,0x82,0x24,0xc7,0xb8,0x91,0x63,0x50,
  0x1c,0x31,0x23,0xc3,0x20,0x85,0xfa,0x44,0x34,0x00,0x21,0xc2,0x3b,0x90,0xe1,0x41,
  0x35,0x20,0x20,0x80,0x30,0x85,0xfa,0x3f,0x40,0x80,0x00,0x40,0x3f,0xe0,0x01,0x84,
  0xb1,0xaf,0xe0,0x50,0x20,0x85,0xfa,0x0d,0x20,0x7f,0xa6,0x83,0x04,0x00,0x02,0x08,
  0x32,0x00,0x12,0x80,0x30,0x80,0x10,0x0a,0x04,0x00,0x29,0x88,0x30,0x80,0x12,0x57,
  0x04,0x00,0x2b,0x52,0x33,0x84,0x1d,0xcd,0x40,0x80,0x20,0x51,0x12,0x00,0x0f,0x15,
  0x21,0xa0,0x08,0x08,0x40,0x80,0x00,0x08,0x3f,0x82,0x05,0x53,0x78,0xb4,0xc6,0x83,
  0x78,0xa3,0x69,0x82,0x79,0x94,0xc6,0x86,0x18,0x00,0x81,0x89,0x18,0x01,0x84,0xcf,
  0x3f,0xbf,0x27,0xce,0x54,0xc0,0x27,0x4b,0x18,0x52,0xeb,0xcc,0xba,0xd3,0x26,0x4d,
  0x68,0x12,0xeb,0xd6,0x3f,0xe1,0x2b,0x54,0x04,0x00,0x2b,0x55,0x21,0xa0,0x08,0xd5,
  0x21,0xa0,0x09,0x54,0x21,0xa0,0x09,0xd3,0x21,0xa0,0x0a,0x52,0x21,0xa0,0x0a,0xd1,
  0x32,0x00,0x04,0x80,0x41,0x40,0x20,0x88,0x60,0x84,0x84,0x88,0x32,0x00,0x03,0x00,
  0x41,0x40,0x20,0x88,0x60,0x84,0x85,0x08,0x32,0x00,0x01,0x80,0x41,0x40,0x20,0x88,
  0x60,0x84,0x80,0x88,0x34,0x03,0x00,0x80,0x1c,0x2c,0x00,0x81,0x3f,0xe0,0x04,0x03,
  0x34,0xff,0xc0,0xd0,0x35,0x80,0x00,0x09,0x34,0xff,0x80,0xd1,0x34,0xff,0x40,0xd2,
  0x34,0xff,0x00,0xd3,0x34,0xfe,0xc0,0xd4,0x34,0xfe,0x80,0xd5,0x34,0xfe,0x40,0xd6,
  0x34,0xfe,0x00,0xd7,0x34,0xfd,0xc0,0xfe,0x35,0x00,0x00,0x00,0x00,0x20,0x00,0x00,
  0x04,0x00,0x01,0x86,0x12,0x00,0x74,0x93,0x40,0x80,0x00,0x09,0x24,0x00,0x40,0x80,
  0x41,0x40,0x20,0x83,0x24,0xff,0xc0,0xd0,0x78,0x02,0x43,0x08,0x24,0xff,0x80,0xd1,
  0x04,0x00,0x02,0x95,0x24,0xff,0x40,0xd2,0x60,0x84,0x88,0x83,0x36,0x00,0x04,0x07,
  0x24,0xff,0x00,0xd3,0x24,0xfe,0xc0,0xd4,0x24,0xfe,0x80,0xd5,0x4c,0x02,0xc3,0x82,
  0x24,0xfe,0x40,0xd6,0x24,0xfe,0x00,0xfe,0x24,0xfd,0x80,0x81,0x1c,0xd8,0x00,0x81,
  0x21,0x00,0x6b,0x02,0x3f,0xe1,0x03,0x05,0x41,0x40,0x20,0x83,0x60,0x84,0x88,0x03,
  0x14,0x1f,0xc2,0x8a,0x21,0x00,0x68,0x8a,0x41,0x40,0x20,0x83,0x14,0xf8,0x02,0x0b,
  0x60,0x84,0x81,0x03,0x21,0x00,0x66,0x8b,0x40,0x80,0x00,0x8c,0x3f,0xe0,0x02,0x99,
  0x7c,0x00,0x0a,0x83,0x32,0x80,0x00,0x1b,0x0b,0x61,0x06,0x05,0x3f,0xe0,0x03,0x18,
  0x40,0x80,0x01,0x04,0x40,0x80,0x40,0x17,0x0c,0x00,0x01,0x9a,0x21,0xa0,0x0b,0x05,
  0x40,0x80,0x68,0x1d,0x21,0xa0,0x0b,0x84,0x40,0x80,0x5a,0x1c,0x01,0xa0,0x0c,0x02,
  0x21,0xa0,0x08,0x17,0x21,0xa0,0x08,0x98,0x21,0xa0,0x09,0x19,0x21,0xa0,0x09,0x97,
  0x21,0xa0,0x0a,0x1b,0x21,0xa0,0x0a,0x9d,0x01,0xa0,0x0d,0x82,0x00,0x60,0x00,0x00,
  0x30,0x80,0x12,0x0e,0x3f,0x83,0x07,0x0d,0x7c,0x00,0x46,0x86,0x21,0x00,0x57,0x06,
  0x7c,0x00,0x0a,0xbf,0x30,0x80,0x10,0x1e,0x44,0x00,0x4d,0x36,0x30,0x80,0x14,0x16,
  0x40,0x80,0x00,0x3e,0x30,0x80,0x16,0x14,0x40,0x80,0x00,0x11,0x30,0x80,0x12,0x13,
  0x3e,0xc0,0x00,0xa9,0x3f,0x81,0x0f,0x20,0x09,0x27,0x8f,0x38,0x3f,0x83,0x0f,0x51,
  0x04,0x00,0x0f,0x27,0x3f,0x83,0x4b,0x0c,0x1c,0x00,0x5c,0x44,0x3f,0x83,0x4a,0x54,
  0x4c,0xff,0xd0,0x12,0x3f,0x82,0x09,0xcf,0x09,0x28,0x10,0x09,0x3e,0xc1,0x00,0x9e,
  0x09,0x24,0x89,0x03,0x84,0xa8,0x04,0x92,0x0c,0x00,0x01,0xd2,0x08,0x0e,0x28,0x85,
  0x7c,0x00,0x29,0x10,0x48,0x09,0x5c,0x0d,0x0c,0x00,0x08,0x0f,0x18,0x14,0x52,0x8e,
  0x18,0x23,0xcd,0x08,0x08,0x03,0x82,0x8b,0x7c,0x00,0x06,0x8a,0x32,0x80,0x00,0x05,
  0x7e,0x00,0x06,0x04,0x08,0x09,0x5c,0x02,0x7e,0x00,0x04,0x55,0x8a,0x00,0x85,0x8a,
  0x56,0xc0,0x02,0x56,0x36,0x80,0x2a,0xc1,0x4c,0x00,0x28,0x4b,0x7d,0x00,0x2b,0x53,
  0x7e,0x00,0x2a,0x4a,0x18,0x14,0x68,0xc9,0x0c,0x00,0x29,0x4e,0x36,0x80,0x29,0xbc,
  0x78,0x14,0x68,0x4d,0x4c,0x00,0x68,0x4c,0x7c,0xff,0xe7,0xc2,0x0c,0x00,0x27,0x45,
  0x0c,0x00,0x26,0xc6,0x0c,0x00,0x26,0x48,0x0c,0x00,0x25,0xc7,0x56,0xc0,0x25,0x40,
  0x48,0x11,0x24,0xc3,0x87,0xb2,0x23,0xbf,0x18,0x31,0xa2,0xb5,0x18,0x31,0x21,0xba,
  0x0c,0x00,0x21,0x37,0x0c,0x00,0x20,0xb4,0x7d,0x00,0x20,0x3b,0x85,0x8e,0x9c,0x3f,
  0x8a,0x6f,0x5f,0x3c,0x36,0x80,0x1d,0xaf,0x08,0x2d,0x9b,0xb3,0x7e,0x00,0x1a,0xb2,
  0x44,0x00,0x5a,0x31,0x7e,0x00,0x19,0xab,0x14,0x3f,0xd8,0xb0,0x36,0x80,0x19,0x2a,
  0x09,0x2b,0x16,0x2e,0x7c,0x00,0x29,0xad,0x8a,0xac,0x02,0xaf,0x85,0x0b,0x17,0x2d,
  0x56,0xc0,0x15,0xa6,0xb2,0xc9,0xd4,0x29,0x0c,0x00,0x15,0x23,0x7d,0x00,0x13,0x24,
  0x09,0x29,0x52,0xa2,0x7c,0x00,0x2a,0xa1,0x44,0x00,0x51,0x9f,0x36,0x80,0x12,0x12,
  0x82,0x88,0x11,0x21,0x14,0x3f,0xcf,0x93,0xb2,0x05,0x8a,0x1e,0x80,0x64,0x49,0x92,
  0x20,0x80,0x10,0x10,0x00,0x60,0x00,0x00,0x21,0xa0,0x08,0x17,0x21,0xa0,0x08,0x98,
  0x21,0xa0,0x09,0x19,0x21,0xa0,0x09,0x97,0x21,0xa0,0x0a,0x1b,0x21,0xa0,0x0a,0x9c,
  0x01,0xa0,0x0d,0x8f,0x21,0x7f,0xcb,0x8f,0x12,0x00,0x07,0x8a,0x30,0x80,0x14,0x1a,
  0x30,0x80,0x16,0x19,0x30,0x80,0x18,0x17,0x30,0x80,0x1a,0x15,0x30,0x80,0x1c,0x50,
  0x3f,0x83,0x8d,0x52,0x3f,0x83,0x8c,0xd6,0x3f,0x83,0x8b,0xd1,0x3f,0x83,0x8a,0xd4,
  0x20,0x00,0x02,0x83,0x30,0x80,0x12,0x1b,0x40,0x80,0x00,0x04,0x3f,0x82,0x0d,0x83,
  0x33,0x00,0xee,0x00,0x20,0x00,0x0f,0x53,0x40,0x80,0x00,0x1f,0x3f,0xe0,0x28,0x03,
  0x78,0x07,0xe8,0x18,0x36,0x00,0x0c,0x1d,0x4c,0x02,0xce,0x9c,0x20,0x00,0x03,0x9c,
  0x14,0x3f,0xe8,0x83,0x5c,0x07,0xc1,0xa2,0x09,0x28,0x91,0x21,0x0c,0x00,0x10,0xa0,
  0x7f,0x00,0x10,0x00,0x33,0x00,0x22,0x80,0x14,0x3f,0xe9,0x04,0x33,0x00,0x3e,0x80,
  0x41,0x40,0x20,0xab,0x04,0x00,0x15,0xaa,0x60,0x84,0x81,0x2b,0x60,0x84,0x87,0xaa,
  0x78,0x0a,0xc1,0xa9,0x78,0x0a,0x81,0xa8,0x0c,0x00,0x14,0xa6,0x0c,0x00,0x14,0x27,
  0x08,0x29,0xd3,0x25,0x7e,0x00,0x12,0xa4,0x56,0xc0,0x12,0x23,0x22,0x00,0x14,0xa3,
  0x7c,0x00,0x01,0xad,0x0c,0x00,0x16,0xac,0x7f,0x00,0x16,0x00,0x40,0x80,0x00,0x03,
  0x20,0x00,0x13,0x55,0x40,0x80,0x00,0x31,0x04,0x00,0x28,0x03,0x78,0x0c,0x68,0x30,
  0x36,0x00,0x18,0x2f,0x4c,0x02,0xd7,0xae,0x20,0x00,0x03,0xae,0x14,0x3f,0xea,0x03,
  0x5c,0x07,0xc1,0xb4,0x09,0x2d,0x1a,0x33,0x0c,0x00,0x19,0xb2,0x7f,0x00,0x19,0x00,
  0x33,0x00,0x13,0x00,0x14,0x3f,0xeb,0x04,0x33,0x00,0x2f,0x00,0x12,0x00,0x0b,0x91,
  0x41,0x40,0x20,0xbd,0x04,0x00,0x1e,0xbc,0x60,0x84,0x81,0x3d,0x60,0x84,0x87,0xbc,
  0x78,0x0f,0x41,0xbb,0x78,0x0f,0x01,0xba,0x0c,0x00,0x1d,0xb8,0x0c,0x00,0x1d,0x39,
  0x08,0x2e,0x5c,0x37,0x7e,0x00,0x1b,0xb6,0x56,0xc0,0x1b,0x35,0x22,0x00,0x04,0xb5,
  0x7c,0x00,0x01,0xbf,0x0c,0x00,0x1f,0xbe,0x7f,0x00,0x1f,0x00,0x40,0x80,0x00,0x03,
  0x32,0x00,0x03,0x00,0x41,0x40,0x20,0x83,0x60,0x84,0x84,0x83,0x32,0x00,0x01,0x80,
  0x41,0x40,0x20,0x83,0x60,0x84,0x8a,0x03,0x34,0x02,0xc0,0x80,0x1c,0x28,0x00,0x81,
  0x35,0x80,0x00,0x09,0x34,0xff,0xc0,0xd0,0x34,0xff,0x80,0xd1,0x34,0xff,0x40,0xd2,
  0x34,0xff,0x00,0xd3,0x34,0xfe,0xc0,0xd4,0x34,0xfe,0x80,0xd5,0x34,0xfe,0x40,0xd6,
  0x34,0xfe,0x00,0xfe,0x35,0x00,0x00,0x00,0x14,0x03,0xc1,0x82,0x12,0x00,0x10,0x8e,
  0x04,0x00,0x01,0x84,0x30,0x80,0x38,0x06,0x5c,0x03,0xc1,0x83,0x32,0x80,0x00,0x07,
  0x0f,0x61,0x41,0x05,0x21,0x00,0x04,0x83,0x40,0x85,0x80,0x09,0x18,0x02,0x42,0x88,
  0x33,0x83,0x86,0x05,0x3f,0xbf,0x04,0x07,0x18,0x41,0xc3,0x04,0xb0,0xa1,0x02,0x05,
  0x68,0x01,0xc3,0x05,0x32,0x00,0x09,0x80,0x14,0x03,0xc2,0x18,0x30,0x80,0x2e,0x17,
  0x40,0x88,0x00,0x16,0x33,0x83,0x81,0x91,0x0f,0x61,0x4c,0x15,0x3f,0x80,0x4b,0x93,
  0x18,0x05,0x8a,0x94,0x3f,0xbf,0x0a,0x0f,0x0f,0x66,0x49,0x92,0x18,0x43,0xc3,0x10,
  0x0f,0x38,0x49,0x0e,0xb0,0xa4,0x08,0x11,0x3f,0xbd,0x07,0x0d,0x68,0x03,0xc3,0x05,
  0x3f,0xe3,0x06,0x8c,0x7e,0x00,0x06,0x0b,0x56,0xc0,0x05,0x8a,0x23,0x00,0x0b,0x8a,
  0x40,0x80,0x40,0x23,0x30,0x80,0x38,0x22,0x04,0x00,0x02,0xa1,0x3f,0xe1,0x02,0xa0,
  0x40,0x80,0x00,0x9e,0x21,0xa0,0x08,0x23,0x40,0x80,0x10,0x1f,0x21,0xa0,0x08,0xa1,
  0x40,0x80,0x20,0x1c,0x21,0xa0,0x09,0x20,0x40,0x80,0x01,0x1a,0x3f,0x83,0x11,0x1d,
  0x21,0xa0,0x09,0x9f,0x0b,0x67,0x4f,0x1b,0x21,0xa0,0x0a,0x1d,0x21,0xa0,0x0a,0x9c,
  0x21,0xa0,0x0b,0x1b,0x21,0xa0,0x0b,0x9a,0x01,0xa0,0x0c,0x02,0x00,0x60,0x00,0x00,
  0x30,0x80,0x10,0x19,0x3f,0x82,0x0c,0x87,0x04,0x00,0x03,0x83,0x35,0x00,0x00,0x00,
  0x04,0x00,0x01,0x86,0x12,0x00,0x37,0x0c,0x40,0x80,0x00,0x08,0x24,0x00,0x40,0x80,
  0x41,0x40,0x20,0x83,0x24,0xff,0xc0,0xfe,0x78,0x02,0x03,0x07,0x24,0xff,0x40,0x81,
  0x60,0x84,0x88,0x83,0x36,0x00,0x03,0x85,0x1c,0xf4,0x00,0x81,0x4c,0x02,0xc2,0x82,
  0x04,0x00,0x02,0x05,0x21,0x00,0x31,0x02,0x41,0x40,0x20,0x83,0x3f,0xe1,0x03,0x04,
  0x60,0x84,0x88,0x03,0x14,0x1f,0xc2,0x09,0x21,0x00,0x2e,0x89,0x41,0x40,0x20,0x83,
  0x5c,0x1f,0xc2,0x8a,0x60,0x84,0x81,0x03,0x21,0x00,0x2c,0x8a,0x32,0xc0,0x00,0x0b,
  0x0c,0x01,0xc2,0x83,0x30,0x80,0x38,0x11,0x04,0x00,0x02,0x0f,0x32,0x80,0x00,0x12,
  0x0c,0x00,0x02,0x84,0x3f,0xe0,0x03,0x0e,0x16,0xe0,0x05,0x93,0x40,0x80,0x40,0x0d,
  0x40,0x80,0x68,0x14,0x39,0xa0,0xc9,0x8c,0x1c,0xf8,0x42,0x8b,0x40,0x80,0x5a,0x13,
  0x3b,0x21,0x06,0x10,0x21,0xa0,0x08,0x0d,0x21,0xa0,0x08,0x8e,0x21,0xa0,0x09,0x0f,
  0x21,0xa0,0x09,0x8d,0x21,0xa0,0x0a,0x12,0x21,0xa0,0x0a,0x94,0x01,0xa0,0x0d,0x82,
  0x00,0x60,0x00,0x00,0x30,0x80,0x1c,0x17,0x41,0x40,0x20,0x8a,0x60,0x84,0x82,0x8a,
  0x78,0x04,0x4b,0x96,0x36,0x00,0x0b,0x15,0x4c,0x02,0xca,0x86,0x20,0x00,0x18,0x86,
  0x30,0x80,0x1e,0x1a,0x3f,0x81,0x0d,0x19,0x5c,0x07,0xcc,0x98,0x21,0x00,0x16,0x98,
  0x30,0x80,0x18,0x2b,0x30,0x80,0x1a,0x2a,0x30,0x80,0x10,0x35,0x30,0x80,0x12,0x32,
  0x30,0x80,0x14,0x33,0x30,0x80,0x16,0x2d,0x08,0x24,0x15,0x8c,0x12,0x00,0x0e,0x17,
  0x08,0x2a,0x95,0xb4,0x18,0x2a,0x9a,0xae,0x08,0x2c,0x9a,0xb0,0x08,0x2d,0x19,0xb1,
  0x18,0x2c,0xd9,0x2f,0x39,0x82,0xd6,0xa9,0x08,0x2c,0x58,0x2c,0x08,0x2b,0xd7,0x28,
  0x58,0x2b,0x56,0x27,0x3b,0x02,0xd4,0xa4,0x08,0x2a,0x13,0xa5,0x58,0x2a,0xd5,0x26,
  0x3e,0x00,0x12,0xa1,0x14,0x00,0x52,0x22,0x7c,0x00,0x10,0x9f,0x39,0x82,0xd3,0x23,
  0x44,0x00,0x51,0x20,0x09,0x27,0xcf,0x9e,0x14,0x3f,0xd0,0x1d,0x0c,0x00,0x0f,0x1c,
  0x3b,0x02,0xd1,0x84,0x08,0x27,0x4e,0x1b,0x21,0x00,0x02,0x9b,0x12,0x00,0x08,0x0b,
  0x14,0x00,0x42,0x0a,0x20,0x80,0x18,0x0c,0x00,0x60,0x00,0x00,0x21,0xa0,0x08,0x0d,
  0x21,0xa0,0x08,0x8e,0x21,0xa0,0x09,0x0f,0x21,0xa0,0x09,0x8d,0x21,0xa0,0x0a,0x12,
  0x21,0xa0,0x0a,0x93,0x01,0xa0,0x0d,0xb6,0x20,0x00,0x02,0xb6,0x32,0x7f,0xe1,0x00,
  0x41,0x40,0x20,0x8a,0x60,0x84,0x81,0x0a,0x32,0x00,0x04,0x00,0x4c,0x00,0x05,0x0d,
  0x20,0x00,0x03,0x0d,0x30,0x80,0x1e,0x0f,0x3f,0x81,0x07,0x83,0x33,0x00,0x17,0x80,
  0x40,0x80,0x00,0x03,0x32,0x00,0x01,0x00,0x04,0x00,0x05,0x03,0x34,0x01,0x00,0x80,
  0x1c,0x0c,0x00,0x81,0x34,0xff,0xc0,0xfe,0x35,0x00,0x00,0x00,0x00,0x20,0x00,0x00,
  0x0f,0x3d,0x40,0x9d,0x30,0x85,0xf6,0x21,0x40,0xff,0xff,0x9e,0x30,0x80,0x3c,0x1c,
  0x40,0x80,0x00,0x11,0x35,0x80,0x00,0x1f,0x40,0xaa,0x25,0x9a,0x32,0x80,0x00,0x04,
  0x0c,0x01,0xce,0x9f,0x0c,0x00,0x0e,0x99,0x41,0x40,0x20,0x87,0x3f,0x82,0x10,0xa0,
  0x41,0x40,0x20,0x85,0x39,0xa7,0xcf,0x18,0x60,0x84,0x87,0x87,0x3f,0x81,0x8e,0x1b,
  0x60,0x84,0x84,0x85,0x1c,0x26,0x10,0x13,0x34,0x02,0x90,0x15,0x34,0x00,0x09,0x92,
  0x79,0x06,0x8d,0x97,0x3b,0x26,0x4c,0x14,0x7d,0x00,0x0b,0x96,0x58,0x25,0x4a,0x0d,
  0x3b,0x84,0xc9,0x10,0x5c,0x00,0x06,0x8b,0x36,0x80,0x0b,0x06,0x36,0x00,0x05,0x89,
  0x78,0x04,0x48,0x0f,0x36,0x00,0x07,0x8e,0x4c,0x02,0xc7,0x0c,0x0c,0x00,0x06,0x0a,
  0x08,0x22,0x84,0x88,0x7c,0x00,0x04,0x02,0x80,0x61,0x03,0x82,0x80,0x61,0x41,0x86,
  0x35,0x00,0x00,0x00,0x00,0x20,0x00,0x00,0x42,0x40,0x00,0x08,0x30,0x80,0x38,0x04,
  0x0c,0x00,0x01,0x86,0x32,0x80,0x00,0x0a,0x41,0x40,0x00,0x02,0x0c,0x00,0x01,0x85,
  0x0b,0x41,0x84,0x09,0x40,0x80,0x80,0x0c,0x0b,0x21,0x41,0x08,0x3f,0xe1,0x02,0x07,
  0x40,0x80,0x40,0x0b,0x3f,0xe0,0x02,0x06,0x40,0x80,0x68,0x0e,0x40,0x80,0x5a,0x0d,
  0x21,0xa0,0x08,0x0c,0x21,0xa0,0x08,0x86,0x21,0xa0,0x09,0x07,0x21,0xa0,0x09,0x8b,
  0x21,0xa0,0x0a,0x0a,0x21,0xa0,0x0a,0x8e,0x01,0xa0,0x0d,0x82,0x00,0x60,0x00,0x00,
  0x30,0x80,0x2e,0x18,0x3e,0xa0,0x00,0x96,0x3e,0xa2,0x00,0x92,0x3f,0x83,0x8c,0x17,
  0x08,0x22,0x4b,0x95,0xb2,0x26,0x0a,0x96,0x3f,0x81,0x88,0x93,0x08,0x22,0x09,0x90,
  0xb1,0xe4,0x48,0x12,0x20,0x80,0x2e,0x0f,0x00,0x60,0x00,0x00,0x21,0xa0,0x08,0x0c,
  0x21,0xa0,0x08,0x86,0x21,0xa0,0x09,0x07,0x21,0xa0,0x09,0x8b,0x21,0xa0,0x0a,0x0a,
  0x21,0xa0,0x0a,0x8d,0x01,0xa0,0x0d,0x83,0x21,0x7f,0xf3,0x03,0x35,0x00,0x00,0x00,
  0x40,0x20,0x00,0x7f,0x24,0xff,0xc0,0xd0,0x04,0x00,0x01,0xd0,0x24,0x00,0x40,0x80,
  0x40,0x20,0x00,0x7f,0x24,0xff,0x40,0x81,0x1c,0xf4,0x00,0x81,0x33,0x00,0x1f,0x80,
  0x04,0x00,0x28,0x03,0x33,0x77,0x5b,0x80,0x41,0x81,0x81,0x82,0x12,0x00,0x05,0x8e,
  0x04,0x00,0x01,0x88,0xb0,0xe1,0x02,0x02,0x40,0x20,0x00,0x7f,0x20,0x00,0x09,0x85,
  0x14,0x03,0xc1,0x82,0x3f,0xe0,0x01,0x86,0x21,0x00,0x09,0x02,0x14,0xfc,0x02,0x82,
  0x14,0x03,0xc2,0x84,0x20,0x00,0x02,0x82,0x1c,0xfc,0x01,0x02,0x24,0x00,0x03,0x07,
  0x1c,0x04,0x03,0x06,0x21,0x7f,0xfe,0x82,0x40,0x20,0x00,0x7f,0x20,0x00,0x03,0x84,
  0x0c,0x00,0x02,0x14,0x34,0x00,0x03,0x11,0x40,0xff,0xff,0x93,0x3b,0xa5,0x09,0x92,
  0x82,0x04,0x43,0x92,0x24,0x00,0x03,0x10,0x04,0x00,0x04,0x03,0x35,0x00,0x00,0x00,
  0x18,0x00,0x82,0x84,0x12,0x00,0x07,0x93,0x0c,0x04,0x01,0x06,0x32,0xff,0xff,0x8a,
  0x5c,0x03,0xc2,0x03,0x3b,0xe1,0x85,0x09,0x40,0x20,0x00,0x7f,0x20,0x00,0x07,0x83,
  0x08,0x01,0x43,0x04,0x34,0x00,0x04,0x0e,0x18,0x01,0x84,0x06,0x5c,0x03,0xc2,0x0a,
  0x81,0xa3,0x83,0x89,0x24,0x00,0x04,0x0d,0x40,0x20,0x00,0x7f,0x20,0x7f,0xf3,0x8a,
  0x1c,0xfc,0x02,0x04,0x24,0x00,0x03,0x07,0x1c,0x04,0x03,0x06,0x5c,0x03,0xc2,0x0f,
  0x21,0x7f,0xfe,0x0f,0x32,0x7f,0xf0,0x80,0x40,0x20,0x00,0x7f,0x12,0x7f,0xf3,0x8a,
  0x0c,0x00,0x02,0x0c,0x34,0x00,0x04,0x05,0x40,0x20,0x00,0x7f,0x00,0x20,0x00,0x00,
  0x40,0x20,0x00,0x7f,0x3b,0xa3,0x05,0x0b,0x08,0x22,0xc4,0x86,0x80,0x81,0x43,0x86,
  0x24,0x00,0x04,0x04,0x32,0x7f,0xee,0x80,0x33,0x8d,0x05,0x02,0x24,0x00,0x40,0x80,
  0x24,0xff,0xc0,0xd0,0x24,0xff,0x80,0xd1,0x24,0xff,0x00,0x81,0x1c,0xf0,0x00,0x81,
  0x3f,0x83,0x81,0x02,0x22,0x00,0x08,0x82,0x42,0x6f,0x48,0x50,0x42,0x7f,0xff,0xd1,
  0x1d,0xff,0xc1,0x0a,0x00,0x20,0x00,0x00,0x18,0x22,0xa8,0x89,0x3f,0xe0,0x85,0x08,
  0x0f,0x60,0x84,0x87,0x23,0x8c,0xfd,0x88,0x18,0x14,0x03,0x84,0x38,0x94,0x03,0x86,
  0x3b,0x81,0x03,0x05,0x35,0x20,0x02,0x80,0x33,0x8c,0xfb,0x03,0x3f,0x83,0x81,0x82,
  0x40,0x20,0x00,0x7f,0x23,0x7f,0xf9,0x82,0x40,0x80,0x00,0x03,0x34,0x01,0x40,0x80,
  0x1c,0x10,0x00,0x81,0x34,0xff,0xc0,0xd0,0x34,0xff,0x80,0xd1,0x35,0x00,0x00,0x00,
  0x42,0x7f,0xff,0x85,0x35,0x80,0x00,0x14,0x04,0x00,0x01,0x87,0x33,0x8c,0xf4,0x8a,
  0x42,0x6f,0x48,0x06,0x32,0xff,0xff,0x88,0x3f,0x83,0x85,0x09,0x18,0x21,0x44,0x83,
  0x1d,0x00,0x44,0x84,0x5d,0x13,0xc4,0x82,0x0f,0x60,0x81,0x85,0x3f,0xe0,0x82,0x04,
  0x40,0x20,0x00,0x7f,0x23,0x00,0x03,0x82,0x40,0x80,0x00,0x08,0x38,0x81,0x82,0x8c,
  0x3a,0xc1,0x82,0x8d,0x23,0x8c,0xed,0x84,0xb1,0x63,0x03,0x8d,0x28,0x81,0x82,0x8b,
  0x04,0x00,0x04,0x03,0x35,0x00,0x00,0x00,0x40,0x80,0x00,0x02,0x21,0xa0,0x0b,0x82,
  0x01,0xe0,0x0c,0x05,0x7c,0x00,0x42,0x84,0x40,0x20,0x00,0x7f,0x20,0x7f,0xfe,0x84,
  0x04,0x00,0x01,0x86,0x35,0x80,0x00,0x09,0x40,0xff,0xff,0x87,0x01,0xa0,0x0c,0x03,
  0x40,0x80,0x01,0x03,0x21,0xa0,0x0b,0x07,0x21,0xa0,0x0b,0x83,0x01,0xa0,0x0c,0x02,
  0x21,0xa0,0x0e,0x06,0x00,0x00,0x01,0x02,0x35,0x00,0x00,0x00,0x00,0x20,0x00,0x00,
  0x5e,0x0f,0xc1,0x88,0x35,0x80,0x00,0x11,0x41,0x40,0x00,0x86,0x56,0xc0,0x04,0x02,
  0x0f,0x66,0x01,0x87,0x04,0x00,0x83,0x06,0x40,0x20,0x00,0x7f,0x23,0x00,0x05,0x02,
  0x04,0x00,0x02,0x8a,0x32,0xbb,0xbb,0x8b,0x40,0x80,0x00,0x06,0x21,0xa0,0x0e,0x0a,
  0x18,0x22,0xc2,0x09,0x41,0x20,0x00,0x04,0x08,0x21,0x04,0x85,0x08,0x21,0x43,0x83,
  0x21,0xa0,0x0f,0x03,0x04,0x00,0x03,0x03,0x35,0x00,0x00,0x00,0x00,0x20,0x00,0x00,
  0x24,0x00,0x40,0x80,0x24,0xfe,0xc0,0x81,0x24,0xff,0x40,0xd0,0x24,0xff,0x80,0xd1,
  0x24,0xff,0xc0,0xfe,0x1c,0xec,0x00,0x81,0x34,0x01,0x80,0x80,0x34,0x00,0x80,0xd0,
  0x34,0x00,0xc0,0xd1,0x34,0x01,0x00,0xfe,0x1c,0x14,0x00,0x81,0x35,0x00,0x00,0x00,
  0x00,0x00,0x00,0x00,0x3f,0x80,0x00,0x00,0x3f,0x80,0x00,0x00,0x3f,0x00,0x00,0x00,
  0x3f,0x00,0x00,0x00,0x00,0x00,0x00,0x00,0x00,0x00,0x00,0x00,0x00,0x00,0x00,0x00,
  0x3f,0x7c,0xe0,0xa9,0xaa,0x46,0x55,0x48,0xa6,0x1b,0xc5,0x5e,0x3f,0xff,0xfe,0xc4,
  0x3f,0x76,0xbf,0x00,0xaa,0x48,0xaf,0x1b,0xa6,0xec,0x6e,0x94,0x3f,0xff,0xf4,0xe6,
  0x3f,0x70,0xc3,0x0e,0xaa,0x4a,0xf6,0xcc,0xa7,0x47,0x46,0x6e,0x3f,0xff,0xe1,0x29,
  0x3f,0x6a,0xeb,0xb4,0xaa,0x4d,0x2b,0xb8,0xa7,0x8d,0x05,0x14,0x3f,0xff,0xc3,0x8f,
  0x3f,0x65,0x37,0xe0,0xaa,0x4f,0x4d,0x46,0xa7,0xb7,0x36,0x7f,0x3f,0xff,0x9c,0x18,
  0x3f,0x5f,0xa6,0x87,0xaa,0x51,0x5a,0xee,0xa7,0xe2,0x2c,0x5a,0x3f,0xff,0x6a,0xc7,
  0x3f,0x5a,0x36,0xa9,0xaa,0x53,0x54,0x30,0xa8,0x06,0xed,0x98,0x3f,0xff,0x2f,0x9d,
  0x3f,0x54,0xe7,0x50,0xaa,0x55,0x38,0x9b,0xa8,0x1d,0x1b,0xa1,0x3f,0xfe,0xea,0x9d,
  0x3f,0x4f,0xb7,0x8f,0xaa,0x57,0x07,0xcd,0xa8,0x33,0x9a,0x4a,0x3f,0xfe,0x9b,0xc9,
  0x3f,0x4a,0xa6,0x81,0xaa,0x58,0xc1,0x6f,0xa8,0x4a,0x63,0x7d,0x3f,0xfe,0x43,0x23,
  0x3f,0x45,0xb3,0x4b,0xaa,0x5a,0x65,0x38,0xa8,0x61,0x71,0x10,0x3f,0xfd,0xe0,0xb1,
  0x3f,0x40,0xdd,0x17,0xaa,0x5b,0xf2,0xf0,0xa8,0x78,0xbc,0xcf,0x3f,0xfd,0x74,0x74,
  0x3f,0x3c,0x23,0x19,0xaa,0x5d,0x6a,0x69,0xa8,0x88,0x20,0x40,0x3f,0xfc,0xfe,0x73,
  0x3f,0x37,0x84,0x8c,0xaa,0x5e,0xcb,0x84,0xa8,0x93,0xfa,0xf7,0x3f,0xfc,0x7e,0xb0,
  0x3f,0x33,0x00,0xb0,0xaa,0x60,0x16,0x2f,0xa8,0x9f,0xeb,0x71,0x3f,0xfb,0xf5,0x31,
  0x3f,0x2e,0x96,0xcf,0xaa,0x61,0x4a,0x67,0xa8,0xab,0xee,0x9e,0x3f,0xfb,0x61,0xfc,
  0x3f,0x2a,0x46,0x36,0xaa,0x62,0x68,0x34,0xa8,0xb8,0x01,0x73,0x3f,0xfa,0xc5,0x16,
  0x3f,0x26,0x0e,0x3c,0xaa,0x63,0x6f,0xab,0xa8,0xc4,0x20,0xf4,0x3f,0xfa,0x1e,0x84,
  0x3f,0x21,0xee,0x39,0xaa,0x64,0x60,0xec,0xa8,0xd0,0x4a,0x32,0x3f,0xf9,0x6e,0x4e,
  0x3f,0x1d,0xe5,0x8f,0xaa,0x65,0x3c,0x25,0xa8,0xdc,0x7a,0x4d,0x3f,0xf8,0xb4,0x7b,
  0x3f,0x19,0xf3,0xa3,0xaa,0x66,0x01,0x8c,0xa8,0xe8,0xae,0x7c,0x3f,0xf7,0xf1,0x10,
  0x3f,0x16,0x17,0xe0,0xaa,0x66,0xb1,0x64,0xa8,0xf4,0xe4,0x07,0x3f,0xf7,0x24,0x17,
  0x3f,0x12,0x51,0xb7,0xaa,0x67,0x4b,0xf8,0xa9,0x00,0x8c,0x27,0x3f,0xf6,0x4d,0x97,
  0x3f,0x0e,0xa0,0x9b,0xaa,0x67,0xd1,0x9d,0xa9,0x06,0xa4,0x64,0x3f,0xf5,0x6d,0x97,
  0x3f,0x0b,0x04,0x07,0xaa,0x68,0x42,0xb1,0xa9,0x0c,0xb9,0x85,0x3f,0xf4,0x84,0x22,
  0x3f,0x07,0x7b,0x79,0xaa,0x68,0x9f,0x98,0xa9,0x12,0xca,0x5f,0x3f,0xf3,0x91,0x3f,
  0x3f,0x04,0x06,0x72,0xaa,0x68,0xe8,0xc1,0xa9,0x18,0xd5,0xd6,0x3f,0xf2,0x94,0xf8,
  0x3f,0x00,0xa4,0x78,0xaa,0x69,0x1e,0x9c,0xa9,0x1e,0xda,0xde,0x3f,0xf1,0x8f,0x57,
  0x3e,0xfa,0xaa,0x2d,0xaa,0x69,0x41,0xa4,0xa9,0x24,0xd8,0x77,0x3f,0xf0,0x80,0x66,
  0x3e,0xf4,0x2f,0xb6,0xaa,0x69,0x52,0x57,0xa9,0x2a,0xcd,0xb0,0x3f,0xef,0x68,0x30,
  0x3e,0xed,0xd8,0xae,0xaa,0x69,0x51,0x37,0xa9,0x30,0xb9,0xaa,0x3f,0xee,0x46,0xbe,
  0x3e,0xe7,0xa4,0x40,0xaa,0x69,0x3e,0xca,0xa9,0x36,0x9b,0x91,0x3f,0xed,0x1c,0x1d,
  0x3e,0xe1,0x91,0x9d,0xaa,0x69,0x1b,0x9b,0xa9,0x3c,0x72,0xa3,0x3f,0xeb,0xe8,0x58,
  0x3e,0xdb,0x9f,0xfd,0xaa,0x68,0xe8,0x36,0xa9,0x42,0x3e,0x2c,0x3f,0xea,0xab,0x7b,
  0x3e,0xd5,0xce,0x9f,0xaa,0x68,0xa5,0x2a,0xa9,0x47,0xfd,0x86,0x3f,0xe9,0x65,0x91,
  0x3e,0xd0,0x1c,0xc5,0xaa,0x68,0x53,0x06,0xa9,0x4d,0xb0,0x1b,0x3f,0xe8,0x16,0xa8,
  0x3e,0xca,0x89,0xbb,0xaa,0x67,0xf2,0x5c,0xa9,0x53,0x55,0x62,0x3f,0xe6,0xbe,0xcc,
  0x3e,0xc5,0x14,0xd0,0xaa,0x67,0x83,0xbd,0xa9,0x58,0xec,0xe1,0x3f,0xe5,0x5e,0x0b,
  0x3e,0xbf,0xbd,0x59,0xaa,0x67,0x07,0xbc,0xa9,0x5e,0x76,0x2b,0x3f,0xe3,0xf4,0x73,
  0x3e,0xba,0x82,0xb1,0xaa,0x66,0x7e,0xe9,0xa9,0x63,0xf0,0xe0,0x3f,0xe2,0x82,0x10,
  0x3e,0xb5,0x64,0x38,0xaa,0x65,0xe9,0xd4,0xa9,0x69,0x5c,0xae,0x3f,0xe1,0x06,0xf2,
  0x3e,0xb0,0x61,0x51,0xaa,0x65,0x49,0x0e,0xa9,0x6e,0xb9,0x4f,0x3f,0xdf,0x83,0x27,
  0x3e,0xab,0x79,0x67,0xaa,0x64,0x9d,0x23,0xa9,0x74,0x06,0x88,0x3f,0xdd,0xf6,0xbe,
  0x3e,0xa6,0xab,0xe7,0xaa,0x63,0xe6,0xa0,0xa9,0x79,0x44,0x2a,0x3f,0xdc,0x61,0xc7,
  0x3e,0xa1,0xf8,0x43,0xaa,0x63,0x26,0x0e,0xa9,0x7e,0x72,0x11,0x3f,0xda,0xc4,0x50,
  0x3e,0x9d,0x5d,0xf1,0xaa,0x62,0x5b,0xf5,0xa9,0x81,0xc8,0x11,0x3f,0xd9,0x1e,0x6a,
  0x3e,0x98,0xdc,0x6d,0xaa,0x61,0x88,0xda,0xa9,0x84,0x4f,0x28,0x3f,0xd7,0x70,0x26,
  0x3e,0x94,0x73,0x35,0xaa,0x60,0xad,0x3e,0xa9,0x86,0xce,0x4a,0x3f,0xd5,0xb9,0x93,
  0x3e,0x90,0x21,0xcb,0xaa,0x5f,0xc9,0xa0,0xa9,0x89,0x45,0x77,0x3f,0xd3,0xfa,0xc3,
  0x3e,0x8b,0xe7,0xb6,0xaa,0x5e,0xde,0x7c,0xa9,0x8b,0xb4,0xb6,0x3f,0xd2,0x33,0xc6,
  0x3e,0x87,0xc4,0x7f,0xaa,0x5d,0xec,0x4b,0xa9,0x8e,0x1c,0x0f,0x3f,0xd0,0x64,0xaf,
  0x3e,0x83,0xb7,0xb4,0xaa,0x5c,0xf3,0x82,0xa9,0x90,0x7b,0x8f,0x3f,0xce,0x8d,0x90,
  0x3e,0x7f,0x81,0xcb,0xaa,0x5b,0xf4,0x92,0xa9,0x92,0xd3,0x47,0x3f,0xcc,0xae,0x79,
  0x3e,0x77,0xbf,0x50,0xaa,0x5a,0xef,0xe9,0xa9,0x95,0x23,0x4b,0x3f,0xca,0xc7,0x7f,
  0x3e,0x70,0x27,0x24,0xaa,0x59,0xe5,0xf2,0xa9,0x97,0x6b,0xb0,0x3f,0xc8,0xd8,0xb3,
  0x3e,0x68,0xb8,0x7b,0xaa,0x58,0xd7,0x14,0xa9,0x99,0xac,0x90,0x3f,0xc6,0xe2,0x2a,
  0x3e,0x61,0x72,0x92,0xaa,0x57,0xc3,0xb1,0xa9,0x9b,0xe6,0x07,0x3f,0xc4,0xe3,0xf5,
  0x3e,0x5a,0x54,0xa7,0xaa,0x56,0xac,0x2b,0xa9,0x9e,0x18,0x33,0x3f,0xc2,0xde,0x29,
  0x3e,0x53,0x5e,0x00,0xaa,0x55,0x90,0xdc,0xa9,0xa0,0x43,0x33,0x3f,0xc0,0xd0,0xda,
  0x3e,0x4c,0x8d,0xea,0xaa,0x54,0x72,0x1d,0xa9,0xa2,0x67,0x2a,0x3f,0xbe,0xbc,0x1b,
  0x3e,0x45,0xe3,0xb3,0xaa,0x53,0x50,0x42,0xa9,0xa4,0x84,0x3c,0x3f,0xbc,0xa0,0x03,
  0x3e,0x3f,0x5e,0xb3,0xaa,0x52,0x2b,0x9e,0xa9,0xa6,0x9a,0x8d,0x3f,0xba,0x7c,0xa4,
  0x3e,0x38,0xfe,0x43,0xaa,0x51,0x04,0x7e,0xa9,0xa8,0xaa,0x45,0x3f,0xb8,0x52,0x16,
  0x3e,0x32,0xc1,0xc4,0xaa,0x4f,0xdb,0x2b,0xa9,0xaa,0xb3,0x8b,0x3f,0xb6,0x20,0x6c,
  0x3e,0x2c,0xa8,0x98,0xaa,0x4e,0xaf,0xee,0xa9,0xac,0xb6,0x88,0x3f,0xb3,0xe7,0xbc,
  0x3e,0x26,0xb2,0x29,0xaa,0x4d,0x83,0x0a,0xa9,0xae,0xb3,0x66,0x3f,0xb1,0xa8,0x1d,
  0x3e,0x20,0xdd,0xe4,0xaa,0x4c,0x54,0xbf,0xa9,0xb0,0xaa,0x50,0x3f,0xaf,0x61,0xa5,
  0x3e,0x1b,0x2b,0x3a,0xaa,0x4b,0x25,0x4b,0xa9,0xb2,0x9b,0x71,0x3f,0xad,0x14,0x69,
  0x3e,0x15,0x99,0xa0,0xaa,0x49,0xf4,0xe8,0xa9,0xb4,0x86,0xf4,0x3f,0xaa,0xc0,0x82,
  0x3e,0x10,0x28,0x91,0xaa,0x48,0xc3,0xce,0xa9,0xb6,0x6d,0x08,0x3f,0xa8,0x66,0x05,
  0x3e,0x0a,0xd7,0x89,0xaa,0x47,0x92,0x30,0xa9,0xb8,0x4d,0xd7,0x3f,0xa6,0x05,0x0a,
  0x3e,0x05,0xa6,0x0b,0xaa,0x46,0x60,0x41,0xa9,0xba,0x29,0x90,0x3f,0xa3,0x9d,0xa9,
  0x3e,0x00,0x93,0x9a,0xaa,0x45,0x2e,0x2f,0xa9,0xbc,0x00,0x5f,0x3f,0xa1,0x2f,0xf9,
  0x3d,0xf7,0x3f,0x7e,0xaa,0x43,0xfc,0x26,0xa9,0xbd,0xd2,0x72,0x3f,0x9e,0xbc,0x12,
  0x3d,0xed,0x94,0x0f,0xaa,0x42,0xca,0x51,0xa9,0xbf,0x9f,0xf6,0x3f,0x9c,0x42,0x0c,
  0x3d,0xe4,0x24,0x04,0xaa,0x41,0x98,0xd7,0xa9,0xc1,0x69,0x19,0x3f,0x99,0xc2,0x00,
  0x3d,0xda,0xee,0x84,0xaa,0x40,0x67,0xdd,0xa9,0xc3,0x2e,0x07,0x3f,0x97,0x3c,0x07,
  0x3d,0xd1,0xf2,0xbb,0xaa,0x3f,0x37,0x85,0xa9,0xc4,0xee,0xef,0x3f,0x94,0xb0,0x39,
  0x3d,0xc9,0x2f,0xdc,0xaa,0x3e,0x07,0xef,0xa9,0xc6,0xab,0xfc,0x3f,0x92,0x1e,0xb0,
  0x3d,0xc0,0xa5,0x1f,0xaa,0x3c,0xd9,0x3b,0xa9,0xc8,0x65,0x5b,0x3f,0x8f,0x87,0x84,
  0x3d,0xb8,0x51,0xc4,0xaa,0x3b,0xab,0x84,0xa9,0xca,0x1b,0x3a,0x3f,0x8c,0xea,0xd0,
  0x3d,0xb0,0x35,0x11,0xaa,0x3a,0x7e,0xe5,0xa9,0xcb,0xcd,0xc3,0x3f,0x8a,0x48,0xad,
  0x3d,0xa8,0x4e,0x4f,0xaa,0x39,0x53,0x76,0xa9,0xcd,0x7d,0x23,0x3f,0x87,0xa1,0x36,
  0x3d,0xa0,0x9c,0xce,0xaa,0x38,0x29,0x4e,0xa9,0xcf,0x29,0x85,0x3f,0x84,0xf4,0x84,
  0x3d,0x99,0x1f,0xe6,0xaa,0x37,0x00,0x83,0xa9,0xd0,0xd3,0x14,0x3f,0x82,0x42,0xb1,
  0x3d,0x91,0xd6,0xf0,0xaa,0x35,0xd9,0x27,0xa9,0xd2,0x79,0xfa,0x3f,0x7f,0x17,0xb2,
  0x3d,0x8a,0xc1,0x4e,0xaa,0x34,0xb3,0x4c,0xa9,0xd4,0x1e,0x62,0x3f,0x79,0xa0,0x2d,
  0x3d,0x83,0xde,0x65,0xaa,0x33,0x8f,0x03,0xa9,0xd5,0xc0,0x75,0x3f,0x74,0x1f,0x07,
  0x3d,0x7a,0x5b,0x3f,0xaa,0x32,0x6c,0x5a,0xa9,0xd7,0x60,0x5c,0x3f,0x6e,0x94,0x79,
  0x3d,0x6d,0x5c,0xda,0xaa,0x31,0x4b,0x5f,0xa9,0xd8,0xfe,0x40,0x3f,0x69,0x00,0xb7,
  0x3d,0x60,0xc0,0x84,0xaa,0x30,0x2c,0x1f,0xa9,0xda,0x9a,0x49,0x3f,0x63,0x63,0xfa,
  0x3d,0x54,0x85,0x2f,0xaa,0x2f,0x0e,0xa4,0xa9,0xdc,0x34,0x9e,0x3f,0x5d,0xbe,0x79,
  0x3d,0x48,0xa9,0xd5,0xaa,0x2d,0xf2,0xf8,0xa9,0xdd,0xcd,0x67,0x3f,0x58,0x10,0x6b,
  0x3d,0x3d,0x2d,0x7c,0xaa,0x2c,0xd9,0x23,0xa9,0xdf,0x64,0xca,0x3f,0x52,0x5a,0x09,
  0x3d,0x32,0x0f,0x30,0xaa,0x2b,0xc1,0x2e,0xa9,0xe0,0xfa,0xed,0x3f,0x4c,0x9b,0x8b,
  0x3d,0x27,0x4e,0x06,0xaa,0x2a,0xab,0x1e,0xa9,0xe2,0x8f,0xf6,0x3f,0x46,0xd5,0x29,
  0x3d,0x1c,0xe9,0x1f,0xaa,0x29,0x96,0xfa,0xa9,0xe4,0x24,0x09,0x3f,0x41,0x07,0x1e,
  0x3d,0x12,0xdf,0x9f,0xaa,0x28,0x84,0xc5,0xa9,0xe5,0xb7,0x4c,0x3f,0x3b,0x31,0xa0,
  0x3d,0x09,0x30,0xb5,0xaa,0x27,0x74,0x84,0xa9,0xe7,0x49,0xe1,0x3f,0x35,0x54,0xec,
  0x3c,0xff,0xb7,0x34,0xaa,0x26,0x66,0x39,0xa9,0xe8,0xdb,0xed,0x3f,0x2f,0x71,0x3a,
  0x3c,0xed,0xbf,0x16,0xaa,0x25,0x59,0xe7,0xa9,0xea,0x6d,0x92,0x3f,0x29,0x86,0xc4,
  0x3c,0xdc,0x77,0x9e,0xaa,0x24,0x4f,0x8f,0xa9,0xeb,0xfe,0xf2,0x3f,0x23,0x95,0xc5,
  0x3c,0xcb,0xdf,0x69,0xaa,0x23,0x47,0x31,0xa9,0xed,0x90,0x30,0x3f,0x1d,0x9e,0x78,
  0x3c,0xbb,0xf5,0x22,0xaa,0x22,0x40,0xce,0xa9,0xef,0x21,0x6d,0x3f,0x17,0xa1,0x17,
  0x3c,0xac,0xb7,0x85,0xaa,0x21,0x3c,0x64,0xa9,0xf0,0xb2,0xca,0x3f,0x11,0x9d,0xdd,
  0x3c,0x9e,0x25,0x5a,0xaa,0x20,0x39,0xf2,0xa9,0xf2,0x44,0x66,0x3f,0x0b,0x95,0x07,
  0x3c,0x90,0x3d,0x79,0xaa,0x1f,0x39,0x76,0xa9,0xf3,0xd6,0x62,0x3f,0x05,0x86,0xce,
  0x3c,0x82,0xfe,0xc7,0xaa,0x1e,0x3a,0xed,0xa9,0xf5,0x68,0xdd,0x3e,0xfe,0xe6,0xe1,
  0x3c,0x6c,0xd0,0x74,0xaa,0x1d,0x3e,0x55,0xa9,0xf6,0xfb,0xf5,0x3e,0xf2,0xb6,0x51,
  0x3c,0x54,0xf1,0xa4,0xaa,0x1c,0x43,0xa9,0xa9,0xf8,0x8f,0xca,0x3e,0xe6,0x7c,0x66,
  0x3c,0x3e,0x5f,0x3f,0xaa,0x1b,0x4a,0xe6,0xa9,0xfa,0x24,0x7a,0x3e,0xda,0x39,0x97,
  0x3c,0x29,0x17,0x7e,0xaa,0x1a,0x54,0x07,0xa9,0xfb,0xba,0x20,0x3e,0xcd,0xee,0x60,
  0x3c,0x15,0x18,0xb7,0xaa,0x19,0x5f,0x06,0xa9,0xfd,0x50,0xdb,0x3e,0xc1,0x9b,0x37,
  0x3c,0x02,0x61,0x59,0xaa,0x18,0x6b,0xdf,0xa9,0xfe,0xe8,0xc7,0x3e,0xb5,0x40,0x98,
  0x3b,0xe1,0xdf,0xdd,0xaa,0x17,0x7a,0x8b,0xaa,0x00,0x41,0x00,0x3e,0xa8,0xde,0xfc,
  0x3b,0xc1,0x86,0x34,0xaa,0x16,0x8b,0x04,0xaa,0x01,0x0e,0x50,0x3e,0x9c,0x76,0xde,
  0x3b,0xa3,0xb3,0x34,0xaa,0x15,0x9d,0x44,0xaa,0x01,0xdc,0x63,0x3e,0x90,0x08,0xb7,
  0x3b,0x88,0x64,0x8c,0xaa,0x14,0xb1,0x43,0xaa,0x02,0xab,0x44,0x3e,0x83,0x95,0x02,
  0x3b,0x5f,0x30,0x38,0xaa,0x13,0xc6,0xfa,0xaa,0x03,0x7b,0x02,0x3e,0x6e,0x38,0x76,
  0x3b,0x32,0x97,0xf0,0xaa,0x12,0xde,0x61,0xaa,0x04,0x4b,0xa9,0x3e,0x55,0x3d,0xb9,
  0x3b,0x0a,0xfc,0xcd,0xaa,0x11,0xf7,0x70,0xaa,0x05,0x1d,0x45,0x3e,0x3c,0x3a,0xc3,
  0x3a,0xd0,0xb7,0x79,0xaa,0x11,0x12,0x1f,0xaa,0x05,0xef,0xe4,0x3e,0x23,0x30,0x8c,
  0x3a,0x95,0x64,0x24,0xaa,0x10,0x2e,0x64,0xaa,0x06,0xc3,0x90,0x3e,0x0a,0x20,0x0a,
  0x3a,0x47,0xf6,0x0c,0xaa,0x0f,0x4c,0x38,0xaa,0x07,0x98,0x58,0x3d,0xe2,0x14,0x69,
  0x39,0xf1,0xe1,0x32,0xaa,0x0e,0x6b,0x91,0xaa,0x08,0x6e,0x45,0x3d,0xaf,0xe0,0x07,
  0x39,0x76,0xc7,0x61,0xaa,0x0d,0x8c,0x65,0xaa,0x09,0x45,0x63,0x3d,0x7b,0x49,0xba,
  0x38,0xb1,0xa9,0xb5,0xaa,0x0c,0xae,0xab,0xaa,0x0a,0x1d,0xbf,0x3d,0x16,0xc9,0xb6,
  0x37,0x1d,0xea,0x27,0xaa,0x0b,0xd2,0x58,0xaa,0x0a,0xf7,0x62,0x3c,0x49,0x0f,0x88,
  0x3f,0x80,0xe7,0xe4,0x3f,0x7c,0x5d,0x27,0x3f,0xdd,0x2d,0x53,0x3f,0x83,0x9c,0x3d,
  0x3f,0x02,0x7d,0xc0,0x3f,0xde,0xbe,0x05,0x3f,0xf7,0x8b,0xc5,0x3f,0x71,0x5a,0xea,
  0x3f,0x9b,0x02,0xc6,0x3f,0x08,0x8e,0x93,0x3f,0xcb,0xbb,0xf8,0x3f,0xdb,0x94,0x1a,
  0x3e,0x89,0xcf,0x86,0x3f,0xf6,0xba,0x07,0x3f,0xfd,0xab,0xcc,0x3f,0x8e,0x39,0xda,
  0x3f,0x60,0x92,0x4f,0x3f,0x9d,0x7f,0xd1,0x3f,0xe6,0x0f,0x88,0x3e,0xf8,0xcf,0xcc,
  0x3f,0x26,0x8f,0x12,0x3f,0xc9,0xd1,0x12,0x3f,0xf2,0x13,0x52,0x3f,0xe1,0xc5,0x98,
  0x3f,0xa9,0x94,0x15,0x3e,0x7a,0xb2,0x73,0x3f,0xbf,0xc7,0x67,0x3f,0xf8,0x53,0xf8,
  0x3d,0xfb,0x2b,0x74,0x3f,0xfe,0x13,0x24,0x3f,0xff,0x84,0xab,0x3f,0x43,0xef,0x15,
  0x3f,0x86,0x4b,0x82,0x3f,0x66,0x33,0x75,0x3f,0xd9,0xf2,0x6a,0x3f,0x98,0x7f,0xc0,
  0x3e,0xec,0x9a,0x7f,0x3f,0xe4,0xaa,0x59,0x3f,0xf9,0x12,0x98,0x3f,0x14,0xa0,0x31,
  0x3f,0x95,0xf6,0xd9,0x3f,0x20,0x9a,0xe5,0x3f,0xcf,0x7a,0x1f,0x3f,0xcd,0x9f,0x02,
  0x3e,0xa2,0xab,0xb6,0x3f,0xf3,0x14,0x47,0x3f,0xfc,0xbf,0xc9,0x3f,0xd4,0xdb,0x31,
  0x3f,0x55,0x36,0x41,0x3f,0xa7,0x36,0x56,0x3f,0xe8,0xbf,0x3c,0x3e,0x96,0x40,0x83,
  0x3f,0x32,0x63,0xef,0x3f,0xc1,0xd8,0x70,0x3f,0xef,0xf5,0x73,0x3f,0xf4,0xfa,0x0b,
  0x3f,0xae,0x3b,0xde,0x3e,0x16,0xa9,0x05,0x3f,0xbb,0x8f,0x3b,0x3f,0xfd,0x3a,0xac,
  0x3d,0x96,0xc3,0x2c,0x3f,0xff,0x4e,0x6d,0x3f,0xff,0xd3,0x97,0x3f,0xb5,0x04,0xf3,
  0x3f,0x76,0xe0,0xcb,0x3f,0x88,0xf5,0x9b,0x3f,0xe0,0x46,0x21,0x3f,0x5a,0xe8,0x80,
  0x3f,0x0e,0x9a,0x22,0x3f,0xd8,0x48,0x53,0x3f,0xf5,0xde,0xc6,0x3f,0xa2,0x67,0x99,
  0x3f,0x9f,0xf6,0xcb,0x3e,0xe0,0x5c,0x13,0x3f,0xc7,0xde,0x65,0x3f,0xe7,0x6b,0xd8,
  0x3e,0x61,0xbc,0x2e,0x3f,0xf9,0xc7,0x9d,0x3f,0xfe,0x70,0xb0,0x3e,0xc7,0xc5,0xc2,
  0x3f,0x6b,0xcb,0xbb,0x3f,0x93,0x68,0x2a,0x3f,0xe3,0x3c,0x5a,0x3f,0x2c,0x7c,0xd4,
  0x3f,0x1a,0xa0,0x86,0x3f,0xd1,0x4d,0x3d,0x3f,0xf4,0x0b,0xdd,0x3f,0xc5,0xe4,0x03,
  0x3f,0xa4,0xd2,0x25,0x3e,0xaf,0x10,0xa2,0x3f,0xc3,0xe2,0x00,0x3f,0xf1,0x09,0x08,
  0x3e,0x2f,0xb6,0x80,0x3f,0xfc,0x3b,0x28,0x3f,0xff,0x0e,0x58,0x3f,0xec,0x83,0x5e,
  0x3f,0x8b,0x9a,0x6b,0x3f,0x4f,0x7b,0xca,0x3f,0xd6,0x95,0xe5,0x3f,0xab,0xeb,0x4a,
  0x3e,0xd4,0x15,0x01,0x3f,0xea,0x09,0xa7,0x3f,0xfa,0x73,0x02,0x3e,0x48,0xbd,0x36,
  0x3f,0x90,0xd3,0xcd,0x3f,0x38,0x44,0x2a,0x3f,0xd3,0x18,0x49,0x3f,0xbd,0xae,0xf9,
  0x3e,0xbb,0x6e,0xcf,0x3f,0xee,0xd8,0x9e,0x3f,0xfb,0xac,0xcd,0x3f,0xfb,0x14,0xbe,
  0x3f,0x49,0xb9,0x53,0x3f,0xb0,0x85,0xbb,0x3f,0xeb,0x4b,0x0c,0x3d,0xc8,0xfb,0x30,
  0x3f,0x3e,0x1d,0x4a,0x3f,0xb9,0x68,0x42,0x3f,0xed,0xb2,0x93,0x3f,0xfe,0xc4,0x6d,
  0x3f,0xb2,0xc8,0xc9,0x3d,0x49,0x0a,0xb0,0x3f,0xb7,0x3a,0x23,0x3f,0xff,0xb1,0x0f,
  0x3c,0xc9,0x0e,0x90,0x3f,0xff,0xec,0x43,0x3f,0xff,0xfb,0x11,0x00,0x00,0x00,0x00,
  0x3d,0x00,0x00,0x00,0x3d,0x21,0x45,0x18,0x3d,0x4b,0x2f,0xf5,0x3d,0x80,0x00,0x00,
  0x3d,0xa1,0x45,0x18,0x3d,0xcb,0x2f,0xf5,0x3e,0x00,0x00,0x00,0x3e,0x21,0x45,0x18,
  0x3e,0x4b,0x2f,0xf5,0x3e,0x80,0x00,0x00,0x3e,0xa1,0x45,0x18,0x3e,0xcb,0x2f,0xf5,
  0x3f,0x00,0x00,0x00,0x3f,0x21,0x45,0x18,0x3f,0x4b,0x2f,0xf5,0x3f,0x80,0x00,0x00,
  0x3f,0xa1,0x45,0x18,0x3f,0xcb,0x2f,0xf5,0x40,0x00,0x00,0x00,0x40,0x21,0x45,0x18,
  0x40,0x4b,0x2f,0xf5,0x40,0x80,0x00,0x00,0x40,0xa1,0x45,0x18,0x40,0xcb,0x2f,0xf5,
  0x41,0x00,0x00,0x00,0x41,0x21,0x45,0x18,0x41,0x4b,0x2f,0xf5,0x41,0x80,0x00,0x00,
  0x41,0xa1,0x45,0x18,0x41,0xcb,0x2f,0xf5,0x42,0x00,0x00,0x00,0x42,0x21,0x45,0x18,
  0x42,0x4b,0x2f,0xf5,0x42,0x80,0x00,0x00,0x42,0xa1,0x45,0x18,0x42,0xcb,0x2f,0xf5,
  0x43,0x00,0x00,0x00,0x43,0x21,0x45,0x18,0x43,0x4b,0x2f,0xf5,0x43,0x80,0x00,0x00,
  0x43,0xa1,0x45,0x18,0x43,0xcb,0x2f,0xf5,0x44,0x00,0x00,0x00,0x44,0x21,0x45,0x18,
  0x44,0x4b,0x2f,0xf5,0x44,0x80,0x00,0x00,0x44,0xa1,0x45,0x18,0x44,0xcb,0x2f,0xf5,
  0x45,0x00,0x00,0x00,0x45,0x21,0x45,0x18,0x45,0x4b,0x2f,0xf5,0x45,0x80,0x00,0x00,
  0x45,0xa1,0x45,0x18,0x45,0xcb,0x2f,0xf5,0x46,0x00,0x00,0x00,0x46,0x21,0x45,0x18,
  0x46,0x4b,0x2f,0xf5,0x46,0x80,0x00,0x00,0x46,0xa1,0x45,0x18,0x46,0xcb,0x2f,0xf5,
  0x47,0x00,0x00,0x00,0x47,0x21,0x45,0x18,0x47,0x4b,0x2f,0xf5,0x47,0x80,0x00,0x00,
  0x00,0x00,0x00,0x00,0x00,0x00,0x00,0x7f,0x00,0x00,0x00,0x3f,0x00,0x00,0x00,0x40,
  0x00,0x00,0x00,0x1f,0x00,0x00,0x00,0x60,0x00,0x00,0x00,0x20,0x00,0x00,0x00,0x5f,
  0x00,0x00,0x00,0x0f,0x00,0x00,0x00,0x70,0x00,0x00,0x00,0x30,0x00,0x00,0x00,0x4f,
  0x00,0x00,0x00,0x10,0x00,0x00,0x00,0x6f,0x00,0x00,0x00,0x2f,0x00,0x00,0x00,0x50,
  0x00,0x00,0x00,0x07,0x00,0x00,0x00,0x78,0x00,0x00,0x00,0x38,0x00,0x00,0x00,0x47,
  0x00,0x00,0x00,0x18,0x00,0x00,0x00,0x67,0x00,0x00,0x00,0x27,0x00,0x00,0x00,0x58,
  0x00,0x00,0x00,0x08,0x00,0x00,0x00,0x77,0x00,0x00,0x00,0x37,0x00,0x00,0x00,0x48,
  0x00,0x00,0x00,0x17,0x00,0x00,0x00,0x68,0x00,0x00,0x00,0x28,0x00,0x00,0x00,0x57,
  0x00,0x00,0x00,0x03,0x00,0x00,0x00,0x7c,0x00,0x00,0x00,0x3c,0x00,0x00,0x00,0x43,
  0x00,0x00,0x00,0x1c,0x00,0x00,0x00,0x63,0x00,0x00,0x00,0x23,0x00,0x00,0x00,0x5c,
  0x00,0x00,0x00,0x0c,0x00,0x00,0x00,0x73,0x00,0x00,0x00,0x33,0x00,0x00,0x00,0x4c,
  0x00,0x00,0x00,0x13,0x00,0x00,0x00,0x6c,0x00,0x00,0x00,0x2c,0x00,0x00,0x00,0x53,
  0x00,0x00,0x00,0x04,0x00,0x00,0x00,0x7b,0x00,0x00,0x00,0x3b,0x00,0x00,0x00,0x44,
  0x00,0x00,0x00,0x1b,0x00,0x00,0x00,0x64,0x00,0x00,0x00,0x24,0x00,0x00,0x00,0x5b,
  0x00,0x00,0x00,0x0b,0x00,0x00,0x00,0x74,0x00,0x00,0x00,0x34,0x00,0x00,0x00,0x4b,
  0x00,0x00,0x00,0x14,0x00,0x00,0x00,0x6b,0x00,0x00,0x00,0x2b,0x00,0x00,0x00,0x54,
  0x00,0x00,0x00,0x01,0x00,0x00,0x00,0x7e,0x00,0x00,0x00,0x3e,0x00,0x00,0x00,0x41,
  0x00,0x00,0x00,0x1e,0x00,0x00,0x00,0x61,0x00,0x00,0x00,0x21,0x00,0x00,0x00,0x5e,
  0x00,0x00,0x00,0x0e,0x00,0x00,0x00,0x71,0x00,0x00,0x00,0x31,0x00,0x00,0x00,0x4e,
  0x00,0x00,0x00,0x11,0x00,0x00,0x00,0x6e,0x00,0x00,0x00,0x2e,0x00,0x00,0x00,0x51,
  0x00,0x00,0x00,0x06,0x00,0x00,0x00,0x79,0x00,0x00,0x00,0x39,0x00,0x00,0x00,0x46,
  0x00,0x00,0x00,0x19,0x00,0x00,0x00,0x66,0x00,0x00,0x00,0x26,0x00,0x00,0x00,0x59,
  0x00,0x00,0x00,0x09,0x00,0x00,0x00,0x76,0x00,0x00,0x00,0x36,0x00,0x00,0x00,0x49,
  0x00,0x00,0x00,0x16,0x00,0x00,0x00,0x69,0x00,0x00,0x00,0x29,0x00,0x00,0x00,0x56,
  0x00,0x00,0x00,0x02,0x00,0x00,0x00,0x7d,0x00,0x00,0x00,0x3d,0x00,0x00,0x00,0x42,
  0x00,0x00,0x00,0x1d,0x00,0x00,0x00,0x62,0x00,0x00,0x00,0x22,0x00,0x00,0x00,0x5d,
  0x00,0x00,0x00,0x0d,0x00,0x00,0x00,0x72,0x00,0x00,0x00,0x32,0x00,0x00,0x00,0x4d,
  0x00,0x00,0x00,0x12,0x00,0x00,0x00,0x6d,0x00,0x00,0x00,0x2d,0x00,0x00,0x00,0x52,
  0x00,0x00,0x00,0x05,0x00,0x00,0x00,0x7a,0x00,0x00,0x00,0x3a,0x00,0x00,0x00,0x45,
  0x00,0x00,0x00,0x1a,0x00,0x00,0x00,0x65,0x00,0x00,0x00,0x25,0x00,0x00,0x00,0x5a,
  0x00,0x00,0x00,0x0a,0x00,0x00,0x00,0x75,0x00,0x00,0x00,0x35,0x00,0x00,0x00,0x4a,
  0x00,0x00,0x00,0x15,0x00,0x00,0x00,0x6a,0x00,0x00,0x00,0x2a,0x00,0x00,0x00,0x55,
  0x00,0x00,0x00,0x00,0x40,0x35,0x04,0xf3,0x3e,0x92,0x49,0x25,0x40,0x34,0x17,0xe9,
  0x3f,0x12,0x49,0x25,0x40,0x31,0x49,0x5d,0x3f,0x5b,0x6d,0xb7,0x40,0x2c,0x81,0xd0,
  0x3f,0x92,0x49,0x25,0x40,0x25,0x95,0x8d,0x3f,0xb6,0xdb,0x6e,0x40,0x1c,0x3b,0xb4,
  0x3f,0xdb,0x6d,0xb7,0x40,0x0f,0xfb,0x5b,0x40,0x00,0x00,0x00,0x40,0x00,0x00,0x00,
  0x40,0x35,0x04,0xf3,0x00,0x00,0x00,0x00,0x40,0x34,0x17,0xe9,0x3e,0x92,0x49,0x25,
  0x40,0x31,0x49,0x5d,0x3f,0x12,0x49,0x25,0x40,0x2c,0x81,0xd0,0x3f,0x5b,0x6d,0xb7,
  0x40,0x25,0x95,0x8d,0x3f,0x92,0x49,0x25,0x40,0x1c,0x3b,0xb4,0x3f,0xb6,0xdb,0x6e,
  0x40,0x0f,0xfb,0x5b,0x3f,0xdb,0x6d,0xb7,0x40,0x00,0x00,0x00,0x40,0x00,0x00,0x00,
  0x00,0x00,0x87,0xb0,0x00,0x00,0x87,0xc0,0x00,0x00,0x87,0xd0,0x00,0x00,0x87,0xe0,
  0x00,0x00,0x87,0xf0,0x00,0x00,0x88,0x00,0x00,0x00,0x88,0x20,0x00,0x00,0x88,0x60,
  0x00,0x00,0x88,0x80,0x00,0x00,0x88,0x90,0x00,0x00,0x88,0xa0,0x00,0x00,0x88,0xc0,
  0x00,0x00,0x89,0x00,0x00,0x00,0x89,0x80,0x0b,0x0d,0x0c,0x0b,0x0a,0x09,0x08,0x00,
  0x00,0x00,0x88,0xa0,0x00,0x00,0x88,0x90,0x00,0x00,0x88,0x90,0x00,0x00,0x88,0xa0,
  0x00,0x00,0x88,0xa0,0x00,0x00,0x89,0x80,0x00,0x00,0x8a,0x80,0x00,0x00,0x8a,0xc0,
  0x00,0x00,0x8a,0xd0,0x00,0x00,0x8a,0xe0,0x00,0x00,0x8a,0xf0,0x00,0x00,0x8b,0x00,
  0x00,0x00,0x8b,0x10,0x00,0x00,0x8b,0x30,0x0c,0x0d,0x0d,0x0c,0x0c,0x0b,0x0a,0x00,
  0xc5,0x4b,0x70,0x00,0xc5,0x4b,0x70,0x00,0x00,0x00,0x00,0x00,0xc5,0x4b,0x70,0x00,
  0x45,0x4b,0x70,0x00,0x00,0x00,0x00,0x00,0x00,0x00,0x00,0x00,0x45,0x4b,0x70,0x00,
  0x45,0x4b,0x70,0x00,0xc5,0x4b,0x70,0x00,0x00,0x00,0x00,0x00,0x00,0x00,0x00,0x00,
  0x00,0x00,0x8b,0x70,0x00,0x00,0x8b,0x90,0x00,0x00,0x8b,0xb0,0x00,0x00,0x8b,0xe0,
  0x00,0x00,0x8c,0x20,0x00,0x00,0x8c,0xa0,0x00,0x00,0x00,0x00,0x00,0x00,0x00,0x00,
  0x00,0x00,0x00,0x00,0x00,0x00,0x00,0x08,0x00,0x00,0x00,0x10,0x00,0x00,0x00,0x18,
  0x00,0x00,0x00,0x20,0x00,0x00,0x00,0x28,0x00,0x00,0x00,0x30,0x00,0x00,0x00,0x38,
  0x00,0x00,0x00,0x40,0x00,0x00,0x00,0x50,0x00,0x00,0x00,0x60,0x00,0x00,0x00,0x70,
  0x00,0x00,0x00,0x80,0x00,0x00,0x00,0x90,0x00,0x00,0x00,0xa0,0x00,0x00,0x00,0xb0,
  0x00,0x00,0x00,0xc0,0x00,0x00,0x00,0xe0,0x00,0x00,0x01,0x00,0x00,0x00,0x01,0x20,
  0x00,0x00,0x01,0x40,0x00,0x00,0x01,0x60,0x00,0x00,0x01,0x80,0x00,0x00,0x01,0xa0,
  0x00,0x00,0x01,0xc0,0x00,0x00,0x01,0xe0,0x00,0x00,0x02,0x00,0x00,0x00,0x02,0x40,
  0x00,0x00,0x02,0x80,0x00,0x00,0x02,0xc0,0x00,0x00,0x03,0x00,0x00,0x00,0x03,0x80,
  0x00,0x00,0x04,0x00,0x00,0x00,0x00,0x00,0x00,0x00,0x00,0x00,0x00,0x00,0x00,0x00,
  0x41,0x80,0x00,0x00,0x41,0x00,0x00,0x00,0x40,0x80,0x00,0x00,0x40,0x00,0x00,0x00,
  0x3f,0x80,0x00,0x00,0x3f,0x00,0x00,0x00,0x3e,0x80,0x00,0x00,0x3e,0x00,0x00,0x00,
  0x3d,0x80,0x00,0x00,0x3d,0x00,0x00,0x00,0x3c,0x80,0x00,0x00,0x3c,0x00,0x00,0x00,
  0x3b,0x80,0x00,0x00,0x3b,0x00,0x00,0x00,0x3a,0x80,0x00,0x00,0x3a,0x00,0x00,0x00,
  0x3f,0x80,0x00,0x00,0x3f,0x6a,0xc0,0xc7,0x3f,0x57,0x44,0xfd,0x3f,0x45,0x67,0x2a,
  0x3f,0x35,0x04,0xf3,0x3f,0x25,0xfe,0xd7,0x3f,0x18,0x37,0xf0,0x3f,0x0b,0x95,0xc2,
  0x40,0xc9,0x80,0x30,0xc1,0xa4,0xcf,0x95,0x42,0x69,0x60,0x89,0xc3,0x0b,0x22,0x6f,
  0x43,0x90,0x2c,0x9a,0xc4,0x06,0x13,0x94,0x44,0x65,0xdd,0x4f,0xc4,0xb9,0xda,0x9a,
  0x45,0x11,0xbe,0x69,0xc5,0x68,0x41,0xb1,0x45,0xd4,0x72,0x27,0xc6,0xf8,0x17,0xc8,
  0xc6,0x0d,0x2a,0xda,0x45,0x3a,0x62,0x88,0xc4,0xa0,0xd4,0x80,0x44,0x05,0x6a,0x7f,
  0xc3,0x28,0x74,0xf2,0x40,0x85,0xe5,0x6b,0x42,0x4e,0xe4,0xe5,0xc2,0x56,0x55,0x5c,
  0x42,0x0e,0x6e,0xb3,0xc1,0x84,0x91,0x4f,0x40,0x75,0xd9,0x5b,0x00,0x00,0x00,0x00,
  0x05,0x04,0x03,0x05,0x04,0x01,0x03,0x05,0x05,0x00,0x00,0x00,0x00,0x00,0x00,0x00,
  0x01,0x03,0x03,0x03,0x03,0x00,0x00,0x00,0x00,0x00,0x00,0x00,0x00,0x00,0x00,0x00,
  0x04,0x03,0x04,0x01,0x04,0x04,0x03,0x00,0x00,0x00,0x00,0x00,0x00,0x00,0x00,0x00,
  0x05,0x03,0x04,0x05,0x01,0x05,0x05,0x04,0x03,0x00,0x00,0x00,0x00,0x00,0x00,0x00,
  0x02,0x03,0x04,0x04,0x05,0x06,0x06,0x04,0x04,0x06,0x06,0x05,0x04,0x04,0x03,0x00,
  0x03,0x04,0x04,0x04,0x05,0x05,0x05,0x06,0x06,0x06,0x06,0x07,0x07,0x07,0x07,0x04,
  0x04,0x07,0x07,0x07,0x07,0x06,0x06,0x06,0x06,0x05,0x05,0x05,0x04,0x04,0x04,0x00,
  0x05,0x05,0x05,0x05,0x05,0x03,0x06,0x06,0x06,0x06,0x06,0x06,0x06,0x06,0x07,0x07,
  0x07,0x07,0x07,0x07,0x07,0x08,0x08,0x08,0x08,0x08,0x08,0x08,0x08,0x08,0x08,0x04,
  0x04,0x08,0x08,0x08,0x08,0x08,0x08,0x08,0x08,0x08,0x08,0x07,0x07,0x07,0x07,0x07,
  0x07,0x07,0x06,0x06,0x06,0x06,0x06,0x06,0x06,0x06,0x05,0x05,0x05,0x05,0x05,0x00,
  0x05,0x05,0x05,0x05,0x05,0x05,0x05,0x05,0x05,0x05,0x05,0x05,0x05,0x05,0x05,0x05,
  0x06,0x06,0x06,0x06,0x02,0x02,0x02,0x02,0x04,0x04,0x01,0x01,0x07,0x08,0x03,0x00,
  0x00,0x00,0x00,0x00,0x01,0x04,0x02,0x03,0x00,0x00,0x00,0x00,0x00,0x00,0x00,0x00,
  0x03,0x03,0x03,0x03,0x03,0x03,0x03,0x03,0x01,0x01,0x06,0x06,0x02,0x05,0x00,0x04,
  0x04,0x04,0x04,0x04,0x04,0x04,0x04,0x04,0x04,0x04,0x04,0x04,0x04,0x04,0x04,0x04,
  0x01,0x01,0x01,0x01,0x08,0x08,0x08,0x08,0x02,0x02,0x07,0x07,0x03,0x06,0x00,0x05,
  0x00,0x00,0x00,0x00,0x00,0x00,0x00,0x00,0x00,0x00,0x00,0x00,0x00,0x00,0x00,0x00,
  0x01,0x01,0x01,0x01,0x01,0x01,0x01,0x01,0x0e,0x0e,0x0e,0x0e,0x0e,0x0e,0x0e,0x0e,
  0x02,0x02,0x02,0x02,0x0d,0x0d,0x0d,0x0d,0x03,0x03,0x03,0x03,0x0c,0x0c,0x0c,0x0c,
  0x07,0x07,0x07,0x07,0x08,0x08,0x08,0x08,0x04,0x04,0x0b,0x0b,0x05,0x0a,0x06,0x09,
  0x00,0x00,0x00,0x00,0x00,0x00,0x00,0x00,0x00,0x00,0x00,0x00,0x00,0x00,0x00,0x00,
  0x01,0x01,0x01,0x01,0x01,0x01,0x01,0x01,0x1e,0x1e,0x1e,0x1e,0x1e,0x1e,0x1e,0x1e,
  0x02,0x02,0x02,0x02,0x02,0x02,0x02,0x02,0x1d,0x1d,0x1d,0x1d,0x1d,0x1d,0x1d,0x1d,
  0x03,0x03,0x03,0x03,0x03,0x03,0x03,0x03,0x1c,0x1c,0x1c,0x1c,0x1c,0x1c,0x1c,0x1c,
  0x0f,0x0f,0x0f,0x0f,0x0f,0x0f,0x0f,0x0f,0x10,0x10,0x10,0x10,0x10,0x10,0x10,0x10,
  0x04,0x04,0x04,0x04,0x1b,0x1b,0x1b,0x1b,0x05,0x05,0x05,0x05,0x1a,0x1a,0x1a,0x1a,
  0x06,0x06,0x06,0x06,0x19,0x19,0x19,0x19,0x07,0x07,0x18,0x18,0x08,0x08,0x17,0x17,
  0x09,0x09,0x16,0x16,0x0a,0x0a,0x15,0x15,0x0b,0x14,0x0c,0x13,0x0d,0x12,0x0e,0x11,
  0x05,0x05,0x05,0x05,0x05,0x05,0x05,0x05,0x05,0x05,0x05,0x05,0x05,0x05,0x05,0x05,
  0x05,0x05,0x05,0x05,0x05,0x05,0x05,0x05,0x05,0x05,0x05,0x05,0x05,0x05,0x05,0x05,
  0x1f,0x1f,0x1f,0x1f,0x1f,0x1f,0x1f,0x1f,0x1f,0x1f,0x1f,0x1f,0x1f,0x1f,0x1f,0x1f,
  0x20,0x20,0x20,0x20,0x20,0x20,0x20,0x20,0x20,0x20,0x20,0x20,0x20,0x20,0x20,0x20,
  0x01,0x01,0x01,0x01,0x01,0x01,0x01,0x01,0x3e,0x3e,0x3e,0x3e,0x3e,0x3e,0x3e,0x3e,
  0x02,0x02,0x02,0x02,0x02,0x02,0x02,0x02,0x3d,0x3d,0x3d,0x3d,0x3d,0x3d,0x3d,0x3d,
  0x03,0x03,0x03,0x03,0x03,0x03,0x03,0x03,0x3c,0x3c,0x3c,0x3c,0x3c,0x3c,0x3c,0x3c,
  0x04,0x04,0x04,0x04,0x04,0x04,0x04,0x04,0x3b,0x3b,0x3b,0x3b,0x3b,0x3b,0x3b,0x3b,
  0x00,0x00,0x00,0x00,0x00,0x00,0x00,0x00,0x3a,0x3a,0x3a,0x3a,0x3a,0x3a,0x3a,0x3a,
  0x06,0x06,0x06,0x06,0x39,0x39,0x39,0x39,0x07,0x07,0x07,0x07,0x38,0x38,0x38,0x38,
  0x08,0x08,0x08,0x08,0x37,0x37,0x37,0x37,0x09,0x09,0x09,0x09,0x36,0x36,0x36,0x36,
  0x0a,0x0a,0x0a,0x0a,0x35,0x35,0x35,0x35,0x0b,0x0b,0x0b,0x0b,0x34,0x34,0x34,0x34,
  0x0c,0x0c,0x0c,0x0c,0x33,0x33,0x33,0x33,0x0d,0x0d,0x0d,0x0d,0x32,0x32,0x32,0x32,
  0x0e,0x0e,0x31,0x31,0x0f,0x0f,0x30,0x30,0x10,0x10,0x2f,0x2f,0x11,0x11,0x2e,0x2e,
  0x12,0x12,0x2d,0x2d,0x13,0x13,0x2c,0x2c,0x14,0x14,0x2b,0x2b,0x15,0x2a,0x16,0x29,
  0x17,0x28,0x18,0x27,0x19,0x26,0x1a,0x25,0x1b,0x24,0x1c,0x23,0x1d,0x22,0x1e,0x21,
  0x06,0x06,0x06,0x06,0x06,0x06,0x06,0x06,0x06,0x06,0x06,0x06,0x06,0x06,0x06,0x06,
  0x06,0x06,0x06,0x06,0x06,0x06,0x06,0x06,0x06,0x06,0x06,0x06,0x06,0x06,0x06,0x06,
  0x06,0x06,0x06,0x06,0x06,0x06,0x06,0x06,0x06,0x06,0x06,0x06,0x06,0x06,0x06,0x06,
  0x06,0x06,0x06,0x06,0x06,0x06,0x06,0x06,0x06,0x06,0x06,0x06,0x06,0x06,0x06,0x00,
  0x05,0x06,0xff,0x02,0x04,0x07,0xff,0x08,0xff,0xff,0xff,0xff,0x01,0x03,0xff,0x00,
  0x00,0x01,0x02,0xff,0xff,0xff,0x03,0x04,0x00,0x00,0x00,0x00,0x00,0x00,0x00,0x00,
  0x03,0x01,0x02,0x00,0xff,0x04,0x05,0x06,0x00,0x00,0x00,0x00,0x00,0x00,0x00,0x00,
  0x04,0x01,0x02,0x03,0x00,0xff,0xff,0xff,0xff,0xff,0xff,0xff,0x05,0x06,0x07,0x08,
  0x00,0x01,0x02,0x03,0x04,0x05,0x06,0x07,0xff,0x08,0x09,0x0a,0x0b,0x0c,0x0d,0x0e,
  0x00,0x01,0x02,0x03,0x04,0x05,0x06,0x07,0x08,0x09,0x0a,0x0b,0x0c,0x0d,0x0e,0x0f,
  0xff,0x10,0x11,0x12,0x13,0x14,0x15,0x16,0x17,0x18,0x19,0x1a,0x1b,0x1c,0x1d,0x1e,
  0x05,0x01,0x02,0x03,0x04,0x00,0x06,0x07,0x08,0x09,0x0a,0x0b,0x0c,0x0d,0x0e,0x0f,
  0x10,0x11,0x12,0x13,0x14,0x15,0x16,0x17,0x18,0x19,0x1a,0x1b,0x1c,0x1d,0x1e,0x1f,
  0xff,0x20,0x21,0x22,0x23,0x24,0x25,0x26,0x27,0x28,0x29,0x2a,0x2b,0x2c,0x2d,0x2e,
  0x2f,0x30,0x31,0x32,0x33,0x34,0x35,0x36,0x37,0x38,0x39,0x3a,0x3b,0x3c,0x3d,0x3e,
  0x00,0x00,0x00,0x00,0x44,0xf4,0x20,0x00,0x45,0x74,0x20,0x00,0xc5,0x74,0x20,0x00,
  0xc4,0xf4,0x20,0x00,0x00,0x00,0x00,0x00,0x00,0x00,0x00,0x00,0x00,0x00,0x00,0x00,
  0x45,0x82,0xc8,0x00,0x44,0xae,0x60,0x00,0x45,0x2e,0x60,0x00,0x00,0x00,0x00,0x00,
  0xc5,0x82,0xc8,0x00,0xc5,0x2e,0x60,0x00,0xc4,0xae,0x60,0x00,0x00,0x00,0x00,0x00,
  0x45,0x87,0xa0,0x00,0x44,0x87,0xa0,0x00,0x45,0x07,0xa0,0x00,0x45,0x4b,0x70,0x00,
  0x00,0x00,0x00,0x00,0xc5,0x87,0xa0,0x00,0xc5,0x4b,0x70,0x00,0xc5,0x07,0xa0,0x00,
  0xc4,0x87,0xa0,0x00,0x00,0x00,0x00,0x00,0x00,0x00,0x00,0x00,0x00,0x00,0x00,0x00,
  0x00,0x00,0x00,0x00,0x44,0x22,0xc0,0x00,0x44,0xa2,0xc0,0x00,0x44,0xf4,0x20,0x00,
  0x45,0x22,0xc0,0x00,0x45,0x4b,0x70,0x00,0x45,0x74,0x20,0x00,0x45,0x8e,0x68,0x00,
  0xc5,0x8e,0x68,0x00,0xc5,0x74,0x20,0x00,0xc5,0x4b,0x70,0x00,0xc5,0x22,0xc0,0x00,
  0xc4,0xf4,0x20,0x00,0xc4,0xa2,0xc0,0x00,0xc4,0x22,0xc0,0x00,0x00,0x00,0x00,0x00,
  0x00,0x00,0x00,0x00,0x43,0x9d,0x80,0x00,0x44,0x1d,0x80,0x00,0x44,0x6c,0x40,0x00,
  0x44,0x9d,0x80,0x00,0x44,0xc4,0xe0,0x00,0x44,0xec,0x40,0x00,0x45,0x09,0xd0,0x00,
  0x45,0x1d,0x80,0x00,0x45,0x31,0x30,0x00,0x45,0x44,0xe0,0x00,0x45,0x58,0x90,0x00,
  0x45,0x6c,0x40,0x00,0x45,0x7f,0xf0,0x00,0x45,0x89,0xd0,0x00,0x45,0x93,0xa8,0x00,
  0xc5,0x93,0xa8,0x00,0xc5,0x89,0xd0,0x00,0xc5,0x7f,0xf0,0x00,0xc5,0x6c,0x40,0x00,
  0xc5,0x58,0x90,0x00,0xc5,0x44,0xe0,0x00,0xc5,0x31,0x30,0x00,0xc5,0x1d,0x80,0x00,
  0xc5,0x09,0xd0,0x00,0xc4,0xec,0x40,0x00,0xc4,0xc4,0xe0,0x00,0xc4,0x9d,0x80,0x00,
  0xc4,0x6c,0x40,0x00,0xc4,0x1d,0x80,0x00,0xc3,0x9d,0x80,0x00,0x00,0x00,0x00,0x00,
  0x44,0x41,0xc0,0x00,0x43,0x1b,0x00,0x00,0x43,0x9b,0x00,0x00,0x43,0xe8,0x80,0x00,
  0x44,0x1b,0x00,0x00,0x00,0x00,0x00,0x00,0x44,0x68,0x80,0x00,0x44,0x87,0xa0,0x00,
  0x44,0x9b,0x00,0x00,0x44,0xae,0x60,0x00,0x44,0xc1,0xc0,0x00,0x44,0xd5,0x20,0x00,
  0x44,0xe8,0x80,0x00,0x44,0xfb,0xe0,0x00,0x45,0x07,0xa0,0x00,0x45,0x11,0x50,0x00,
  0x45,0x1b,0x00,0x00,0x45,0x24,0xb0,0x00,0x45,0x2e,0x60,0x00,0x45,0x38,0x10,0x00,
  0x45,0x41,0xc0,0x00,0x45,0x4b,0x70,0x00,0x45,0x55,0x20,0x00,0x45,0x5e,0xd0,0x00,
  0x45,0x68,0x80,0x00,0x45,0x72,0x30,0x00,0x45,0x7b,0xe0,0x00,0x45,0x82,0xc8,0x00,
  0x45,0x87,0xa0,0x00,0x45,0x8c,0x78,0x00,0x45,0x91,0x50,0x00,0x45,0x96,0x28,0x00,
  0xc5,0x96,0x28,0x00,0xc5,0x91,0x50,0x00,0xc5,0x8c,0x78,0x00,0xc5,0x87,0xa0,0x00,
  0xc5,0x82,0xc8,0x00,0xc5,0x7b,0xe0,0x00,0xc5,0x72,0x30,0x00,0xc5,0x68,0x80,0x00,
  0xc5,0x5e,0xd0,0x00,0xc5,0x55,0x20,0x00,0xc5,0x4b,0x70,0x00,0xc5,0x41,0xc0,0x00,
  0xc5,0x38,0x10,0x00,0xc5,0x2e,0x60,0x00,0xc5,0x24,0xb0,0x00,0xc5,0x1b,0x00,0x00,
  0xc5,0x11,0x50,0x00,0xc5,0x07,0xa0,0x00,0xc4,0xfb,0xe0,0x00,0xc4,0xe8,0x80,0x00,
  0xc4,0xd5,0x20,0x00,0xc4,0xc1,0xc0,0x00,0xc4,0xae,0x60,0x00,0xc4,0x9b,0x00,0x00,
  0xc4,0x87,0xa0,0x00,0xc4,0x68,0x80,0x00,0xc4,0x41,0xc0,0x00,0xc4,0x1b,0x00,0x00,
  0xc3,0xe8,0x80,0x00,0xc3,0x9b,0x00,0x00,0xc3,0x1b,0x00,0x00,0x00,0x00,0x00,0x00,
  0x04,0x05,0x06,0x07,0x80,0x80,0x80,0x80,0x0c,0x0d,0x0e,0x0f,0x80,0x80,0x80,0x80,
  0x00,0x01,0x02,0x03,0x04,0x05,0x06,0x07,0x08,0x09,0x0a,0x0b,0x0c,0x0d,0x0e,0x0f,
  0x01,0x02,0x03,0x04,0x05,0x06,0x07,0x08,0x09,0x0a,0x0b,0x0c,0x0d,0x0e,0x0f,0x10,
  0x02,0x03,0x04,0x05,0x06,0x07,0x08,0x09,0x0a,0x0b,0x0c,0x0d,0x0e,0x0f,0x10,0x11,
  0x03,0x04,0x05,0x06,0x07,0x08,0x09,0x0a,0x0b,0x0c,0x0d,0x0e,0x0f,0x10,0x11,0x12,
  0x04,0x05,0x06,0x07,0x08,0x09,0x0a,0x0b,0x0c,0x0d,0x0e,0x0f,0x10,0x11,0x12,0x13,
  0x05,0x06,0x07,0x08,0x09,0x0a,0x0b,0x0c,0x0d,0x0e,0x0f,0x10,0x11,0x12,0x13,0x14,
  0x06,0x07,0x08,0x09,0x0a,0x0b,0x0c,0x0d,0x0e,0x0f,0x10,0x11,0x12,0x13,0x14,0x15,
  0x07,0x08,0x09,0x0a,0x0b,0x0c,0x0d,0x0e,0x0f,0x10,0x11,0x12,0x13,0x14,0x15,0x16,
  0x08,0x09,0x0a,0x0b,0x0c,0x0d,0x0e,0x0f,0x10,0x11,0x12,0x13,0x14,0x15,0x16,0x17,
  0x09,0x0a,0x0b,0x0c,0x0d,0x0e,0x0f,0x10,0x11,0x12,0x13,0x14,0x15,0x16,0x17,0x18,
  0x0a,0x0b,0x0c,0x0d,0x0e,0x0f,0x10,0x11,0x12,0x13,0x14,0x15,0x16,0x17,0x18,0x19,
  0x0b,0x0c,0x0d,0x0e,0x0f,0x10,0x11,0x12,0x13,0x14,0x15,0x16,0x17,0x18,0x19,0x1a,
  0x0c,0x0d,0x0e,0x0f,0x10,0x11,0x12,0x13,0x14,0x15,0x16,0x17,0x18,0x19,0x1a,0x1b,
  0x0d,0x0e,0x0f,0x10,0x11,0x12,0x13,0x14,0x15,0x16,0x17,0x18,0x19,0x1a,0x1b,0x1c,
  0x0e,0x0f,0x10,0x11,0x12,0x13,0x14,0x15,0x16,0x17,0x18,0x19,0x1a,0x1b,0x1c,0x1d,
  0x0f,0x10,0x11,0x12,0x13,0x14,0x15,0x16,0x17,0x18,0x19,0x1a,0x1b,0x1c,0x1d,0x1e,
  0x10,0x11,0x12,0x13,0x14,0x15,0x16,0x17,0x18,0x19,0x1a,0x1b,0x1c,0x1d,0x1e,0x1f,
  0x00,0x00,0x00,0x00,0x00,0x00,0x00,0x00,0x00,0x00,0x00,0x00,0x00,0x00,0x00,0x00,
  0x00,0x00,0x00,0x00,0x00,0x00,0x00,0x00,0x00,0x00,0x00,0x00,0x00,0x00,0x00,0x00,
  0x00,0x00,0x00,0x00,0x00,0x00,0x00,0x00,0x00,0x00,0x00,0x00,0x00,0x00,0x00,0x00,
  0x00,0x00,0x00,0x00,0x00,0x00,0x00,0x00,0x00,0x00,0x00,0x00,0x00,0x00,0x00,0x00,
  0xff,0xff,0xff,0xff,0x00,0x00,0x00,0x00,0xff,0xff,0xff,0xff,0x00,0x00,0x00,0x00,
  0x00,0x00,0x00,0x00,0x00,0x00,0x00,0x00,0x00,0x00,0x00,0x00,0x00,0x00,0x00,0x00,
  0x00,0x00,0x27,0x0f,0x00,0x00,0x00,0x00,0x00,0x00,0x00,0x00,0x00,0x00,0x00,0x00,
  0x00,0x00,0x27,0x0f,0x00,0x00,0x00,0x00,0x00,0x00,0x00,0x00,0x00,0x00,0x00,0x00,
  0x00,0x00,0x27,0x0f,0x00,0x00,0x00,0x00,0x00,0x00,0x00,0x00,0x00,0x00,0x00,0x00,
  0x00,0x00,0x27,0x0f,0x00,0x00,0x00,0x00,0x00,0x00,0x00,0x00,0x00,0x00,0x00,0x00,
  0x00,0x00,0x27,0x0f,0x00,0x00,0x00,0x00,0x00,0x00,0x00,0x00,0x00,0x00,0x00,0x00,
  0x00,0x00,0x00,0x02,0x00,0x00,0x00,0x00,0x00,0x00,0x00,0x00,0x00,0x00,0x00,0x00,
};
static const unsigned at3dec_elf_len = 24704;
